cmt_num,cmt_writer,cmt_time,cmt_txt
489458_1,No.30 Messi,24.05.19,아이폰 유저인데 화면 창모드에서 다시 전체화면으로 바꾸면 무조건 일시정지 되는것도 좀 개선해줬으면 합니다
489458_3,LeBron James,24.05.19,22222
489458_2,윤비트,24.05.19,전 전체화면 할 때마다채팅창 나오는게 기본인것 좀 바꿔줬으면..
489439_1,포항스틸러스!,24.05.19,고정해놓으셨나요?
489439_2,Clarence Seedorf작성자 본인 여부작성자,24.05.19,네
489439_3,호다다다닥,24.05.19,그럴리가요
488900_1,프리카스,24.05.19,epl은 25 26부터 시작하지않나용
488900_2,축구부장작성자 본인 여부작성자,24.05.19,네 내년부터
488900_3,프리카스,24.05.19,축구부장챔스에 개인적으로 nba도 가져왔으면 합니다ㅋㅣㄱ
488900_5,축구부장작성자 본인 여부작성자,24.05.19,프리카스서버 터질듯 ㄷㄷ
488900_4,Mima,24.05.19,분데스는 티빙쪽 아닌가용?? 분데스도 쿠팡이 먹었나
488900_6,축구부장작성자 본인 여부작성자,24.05.19,어디서 봤는데 분데스도 이제 쿠플이 한다고
488900_7,Mima,24.05.19,축구부장오오 이러면 진짜 와우 가격 인상 대폭 더 하지않는이상 축구팬으로선 ㄱ이득이네용ㅎㅎ
488900_9,축구부장작성자 본인 여부작성자,24.05.19,Mima축구팬이면 와우회원 개이득이죠 야구는 티빙
488622_1,치타,24.05.18,축잘알ㄷㄷ
488622_2,더범,24.05.18,그 유미 말고
488622_3,3LungPark,24.05.18,뒷공간까지 언급ㄷㄷㄷ 축잘알
488622_4,호다다다닥,24.05.18,
488622_5,재작년에는김현팬,24.05.18,저번라운드에 숭의왔는데 업로드할지 안할지 모르겠음...인천 우비입은거보고 내심 인며들길 기대했는데 ㅠㅜ
488622_6,다이나믹피치,24.05.18,축잘알 ㅎㄷㄷ
488441_1,다현,24.05.15,뒷문이 든든함요
488441_2,헤르초그작성자 본인 여부작성자,24.05.15,근데 좀 불안하긴 하네요 공간 허용하는 느낌...ㅠㅠ
488441_3,Gunnersaurus,24.05.15,작년 박성수 그 아마추어 보다가 김다솔 보니까 든든함ㅋㅋ
488441_4,오둥이,24.05.15,진짜 박성수는..ㅋㅋ
488419_1,제시 마치,24.05.15,해병대 친구들이랑 한따까리 보여주나ㅋㅋ
488418_1,박지현,24.05.15,ㅋㅋㅋ 개그맨 폼 미쳤다
488418_2,잠이부족해,24.05.15,싸움좀 하는 골키퍼출신이 오네 ㄷㄷㄷ
488418_3,포항아처,24.05.15,왜 김동현인가 했더니 해병대 출신..
488416_1,묘느리미나리,24.05.15,매끼야~~??!!!!!
485529_1,마이너스템포,24.05.04,간zi예은ㅋㅋ
485529_2,H_Crespo,24.05.04,
485529_3,베토벤,24.05.04,지예흐ㄷㄷ
485529_4,더범,24.05.04,
484607_1,버츠비,24.05.01,ㅠㅠ다 보고 싶은데 ㅠㅠ
484607_3,광주FC,24.05.01,광주!!
484607_2,H_Crespo,24.05.01,ㅠㅠ
483610_1,음교수2,24.04.28,네 JTBC 맞아요
481917_1,아르센옹,24.04.21,좋네요 ㅎㅎㅎ
481917_2,3LungPark,24.04.21,근본 ㄷㄷㄷㄷ
481917_3,수원블루윙즈,24.04.21,근본 ㄷㄷㄷ
481917_4,호다다다닥,24.04.21,근본
481915_1,달려라 하니,24.04.21,만약 이경기도 서울이 지면 기동아웃 나올까여?
481915_3,킹덤 왕기,24.04.21,그걸 왜 해요?그럴 일 없죠;;;;;
481915_7,이태석이승준,24.04.21,아뇨. 경기력은 점점 올라오고 있어요.지난 전북전이 치명적 실수 때문에 실점한 거라 그렇지 경기력은 문제없었다고 봐요.
481915_9,사카요 부카,24.04.21,적어도 이번시즌에는 강등되는거 아니면 안나옴
481915_2,빗속의 노란물결,24.04.21,너무 좋아
481915_4,신흥동럭키가이,24.04.21,경기장...츠ㅣ어여..?
481915_5,지동원,24.04.21,오 예원이 !!!
481915_6,나코,24.04.21,안츠어여 ㅋㅋㅋ
481915_8,Tensegrity Universe and Philosophy,24.04.21,헐.. 이경기는 사상최초로... 아들이랑 홈/원정 찢어져 볼 경기 & 루나 (전 에프엑스 아님) 첫 직관
481536_1,호다다다닥,24.04.21,
481478_1,포항답게,24.04.21,ㅋㅋㅋㅋㅋㅋㅋㅋㅋㅋ
481478_2,버츠비,24.04.21,ㅋㅋㅋㅋㅋ이런걸 만들었네
481478_3,덴리,24.04.21,zzzzzzzzzzzzzzzzz
481478_4,The theatre of dreams,24.04.21,ㅋㅋㅋㅋㅋㅋㅋㅋㅋ
481478_5,Enzo Fernandez,24.04.21,ㅋㅋㅋㅋ
481478_6,채화,24.04.21,ㅋㅋㅋㅋㅋ
481478_7,둥기당,24.04.21,ㅋㅋㅋㅋㅋㅋㅋㅋㅋㅋㅋ
480804_1,칼크로스,24.04.19,역사를 아는 쿠플
480804_2,호다다다닥,24.04.19,왜 우릴…… 고맙읍니다
480804_3,더범,24.04.19,빅매치다운 초호화 게스트
480804_4,시골개,24.04.19,아 그르네 영찬선수가 안양이였지쿠플픽 되서 중계부스 하나 더 만들어야한다고 안양프런트 지금 디게 바쁘다던데리그2도 흥행타자ㅠㅠ
480804_5,포페스쿠올레,24.04.19,꽃봉오리 vs 선빵
480804_6,한라산자락,24.04.19,대박이네 2부 쿠플픽 ㄷㄷ
480804_7,Tensegrity Universe and Philosophy,24.04.19,ㅋㅋㅋㅋ
480802_1,호다다다닥,24.04.19,지지대 더비까지 이긴다면 그나마 염기훈 여론이 좀 나아질듯
480802_2,더범,24.04.19,
480725_1,호다다다닥,24.04.17,ㅎㄷㄷㄷ
480725_2,FC서울연세여주시민,24.04.18,와우~ 타팀팬이지만 재밌어지네요!!
480725_3,Hidemaru,24.04.18,꿀잼각
479359_1,우주,24.04.13,오늘 직관st 스페셜데이인듯
479359_2,황의조,24.04.13,Jtbc 사고
479359_3,치얼스작성자 본인 여부작성자,24.04.13,아..  방송사고였구나 타이밍도 참 딱 맞춰 틀었네요ㅋㅋㅋ
479347_1,후뉘,24.04.13,메인카메라가 죽었나봐요
479347_2,Peter Parker작성자 본인 여부작성자,24.04.13,ㅇㅎ 글쿤요 이렇게 길게 이런적은 처음이네요 ㅋㅋㅋㅋㅋㅋ
479347_3,별빛사냥꾼,24.04.13,경기화면만 나오니깐 신기하네요
479287_1,호다다다닥,24.04.13,생으로 알고 있어요
479287_2,미니언즈,24.04.13,당일 오전에 찍거나 좀 전에 찍은듯한 사녹장면도 틀어주기도 합니다
479281_1,fcpohangsteelers,24.04.13,평소보다 어수선 하긴 하네요
479252_2,전문키커 이세은★,24.04.13,ㄷㄷㄷㄷㄷ
479252_3,다이나믹피치,24.04.13,찬양 쿠플ㅎㄷㄷ상향가 K리그ㅜㅜ
479252_4,더범,24.04.13,
479181_22,이태석이승준,24.04.12,근데 안양에 이경규 사위(김영찬 선수) 뛰고 있어서 경규옹 보러오겠네
479181_23,털스토이,24.04.13,게스트는 김상호 배우나 표창원 부르쟈
479181_1,한라산자락,24.04.10,2부 쿠플픽 ㄷㄷ
479181_2,Xeneizes,24.04.10,2부 쿠플픽! ㄷㄷㄷ
479181_3,박종윤팬,24.04.10,2부가도 쿠플픽 볼수 있다니 ㅎㅎㅎ
479181_5,Suwon37Love,24.04.10,헉
479181_6,The Ade,24.04.10,와 2부 중계 서러웠는데 ㅠㅠ
479181_7,W ROONEY,24.04.10,옛날 안양lg랑 수원삼성은 무슨 더비라 했나요?
479181_8,검은콩순두부,24.04.10,지지대더비
479181_9,래비드,24.04.10,지지대더비 입니다
479181_10,호다다다닥,24.04.10,
479181_11,Gunnersaurus,24.04.10,이야 이걸 2부에서 보네 ㅋㅋ
479181_12,더범,24.04.11,꿀잼예감
479181_13,칼크로스,24.04.11,기획자가 정말 K리그에 대해 관심 많고 잘 아는 분인거 같아요
479181_14,마니치,24.04.11,K리그2에도 쿠플픽이!!!!
479181_15,Tensegrity Universe and Philosophy,24.04.11,
479181_16,gangwonfc,24.04.11,전쟁이다 ㅋㅋ 꿀잼ㄱㄱ
479181_17,사파동창원축구센터,24.04.11,2부로 쿠플픽을 ㄷㄷ
479181_18,abitclosertohell,24.04.11,헉
479181_19,abitclosertohell,24.04.11,2부 중계하는 배성재 한준희 ㄷㄷㄷ
479181_20,달려라 하니,24.04.11,진정한 전통더비라고 생각
479181_21,이태석이승준,24.04.12,헉
476705_1,축구부장,24.04.01,"야구는 3연전,2연전이니 오히려 슈퍼시리즈..이게 더 말이되는데"
476705_2,인천의혼,24.04.01,그러네여..?!
476705_5,황의조,24.04.01,시리즈 다 중계하는 건 아니라서..
476705_3,인천팬이당,24.04.01,"사실 종목도 다르고 해서 크게 상관은 없는데 일은 못하는거 같음 ㅋㅋㅋ 윗분이 얘기했듯이 슈퍼시리즈라고 하든가...슈퍼매치라 하면 너무 범용적인 용어라 티빙의 무엇이가로 밀기도 쉽지않고, 이미 생각나는 매치가 있어서..."
476705_4,릭앤모티,24.04.01,슈퍼라는걸 독점하려는게 너무 억지긴 함
476705_6,K리그사랑축구사랑,24.04.01,모르고 쓰진 않을겁니다. 그냥 케이리그의 설움임. 슈퍼매치 흥행한 후에 야구계에서도 벤치마킹해서 일부러라도 라이벌매치 더 만들려고하죠
476144_1,fayewong,24.03.31,공용계정일지도 ㅋㅋ
476144_2,Mikey Moore,24.03.31,양말에 이름ㅋㅋ
476144_4,케빈대북라이너작성자 본인 여부작성자,24.03.31,한글로 린가드 ㅋㅋ
476144_3,올림픽예선 찢자,24.03.31,부상인가요?
476144_6,케빈대북라이너작성자 본인 여부작성자,24.03.31,네 가벼운 부상이랍니다
476144_5,엄지공주 오무지,24.03.31,그 와중에 플스는 신형으로 구입했네
476144_8,fayewong,24.03.31,디지털버전으로 안했다는건 ....집에있는 타이틀 가져온건가 ㅋㅋ
476144_7,Clarence Seedorf,24.03.31,서울살이 좋니?
476081_28,축구부장작성자 본인 여부작성자,24.03.31,고맙지만 조금 더 컨덴츠 늘렸으면..라고 생각합니다
476081_19,I.B.I LUV,24.03.30,컨텐츠 독점해준거 ㄱㅅㄱㅅ 잘 하고 있음
476081_21,GFYS,24.03.30,지금도 충분히 고마움
476081_22,기분이 그래서,24.03.30,개인적으로 축구만 전문적으로 해축부터 국대까지 쿠팡이 다 해먹었으면 ㅋㅋㅋㅋㅋㅋㅋ 피엘 중계권만 가져오면 대박인데
476081_23,축구부장작성자 본인 여부작성자,24.03.30,그게 저의 바램인데 SPOTV와 치열한 경쟁해야할듯요
476081_24,Mahomes To Kelce,24.03.30,NFL은 해줘야 됨
476081_25,이지금아이유,24.03.30,느플 못잃어
476081_26,전북태양,24.03.30,위클리 매거진 라운드별로 경기분석......
476081_29,박준우,24.03.31,mlb nfl은 시간대가 달라서 괜찮고 kbo 안하는게 다행이라고 생각함
476081_31,Verus,24.03.31,222
476081_1,음교수2,24.03.30,2년차입니다. 작년부터했어요.
476081_2,축구부장작성자 본인 여부작성자,24.03.30,22년 하반기부터 했을텐데요..그때 쿠팡 처음 가입했어서..
476081_4,음교수2,24.03.30,"축구부장그때는 무료중계라 네이버,아프리카에서 했었어요. 쿠팡은 23년부터 계약입니다."
476081_7,축구부장작성자 본인 여부작성자,24.03.30,음교수2아닙니다. 찾아보니 제 기억이 맞았네요 22년 중반부터 하긴 했네요.그래서 저도 쿠팡 가입했었거든요 23년부터가 쿠팡 독점이고.
476081_10,세인스,24.03.30,축구부장22년 중반부터는 사실 상 테스트 겸 송출만하는 형태였지 않나요? 쿠플만 중계진이 다르다거나 독자 콘텐츠를 제작한다거나 그런게 있었나요?
476081_17,축구부장작성자 본인 여부작성자,24.03.30,세인스계약을 22년중반부터해서 그때 토트넘도 왔었고 정식중계했습니다. 댓글에도 적었듯  독점중계는 23년부터.
476081_3,시골개,24.03.30,지금 이정도만해도 감지덕지. 체계화 갖추고 더 성장해서 아마추어리그까지 중계해줬으면 하는..
476081_5,킹덤 왕기,24.03.30,저 종목 팬들이 들으면 굉장히 화날만한 발언이네요
476081_6,축구부장작성자 본인 여부작성자,24.03.30,여기는 축구까페 국축게시판이니 괜찮죠 뭐
476081_11,나난나야!,24.03.30,축구부장뭔ㅋㅋ
476081_12,축구부장작성자 본인 여부작성자,24.03.30,나난나야!말을 똑바로 끝까지 하던지.. ㅋㅋ거리지나 말고
476081_14,abitclosertohell,24.03.30,축구 커뮤에서 축구에 집중해줬으면 좋겠다 정도는 얘기할 수 있는 거 아닐까요? 타종목을 후려친 것도 아니고 어디가 분노 포인트인지 잘
476081_18,Leno,24.03.30,여기 축구카페인데.. 다른거 비하발언 한것도 아니고 축구 집중해달라 정도 말은 충분히 할 수 있다고 생각하네요
476081_30,아닝강,24.03.31,Leno집중해달라와 다른종목 신경쓰지말자는 어감차이가 쫌 많이 나네요
476081_8,맨체스터연합,24.03.30,다 돈이된다고 판단하면 할거라 생각..
476081_9,경남도민프로축구단,24.03.30,지금 이것만으로도 충분하다고 봐요
476081_27,축구부장작성자 본인 여부작성자,24.03.30,저는 조금 부족하다고 생각합니다 주간 리뷰같은게 있었으면 합니다
476081_13,나옹,24.03.30,지금도 감지덕지
476081_15,xavi,24.03.30,돈 되는거 알아서 잘 할듯
476081_16,페드리FC바르셀로나,24.03.30,지금처럼만 해준거 자체가 고마운일이라고 생각합니다. 더 많은 컨텐츠들이 있으면 좋기는 하겠지만 지금처럼만 유지만 해줘도 좋다고 생각합니다.
475473_2,버츠비작성자 본인 여부작성자,24.03.30,오호 ㄷㄷㄷㄷㄷㄷ
475473_3,박종윤팬,24.03.30,사전녹화에요 스카이도 같은 장소에서 프리뷰쇼하는데 거기는 실시간으로 관중차는거 나옴
475473_4,버츠비작성자 본인 여부작성자,24.03.30,아하사전녹화ㄷㄷ
475468_1,크르르르,24.03.30,스카이찍고 갔나보네요
475449_1,그무언가,24.03.30,전북 울산은 12시 45분부터 중계해주네요 쿠플픽이라
475449_2,W ROONEY작성자 본인 여부작성자,24.03.30,감사합니다
475364_1,버츠비,24.03.28,오호 드디어 등장 ㄷㄷㄷㄷ싸이는 공연만 하는가보구나
475364_2,우주,24.03.28,오홍E석도 가는 찐팬
475364_3,Clarence Seedorf,24.03.28,오 ㅋㅋㅋㅋ 축하해
475364_4,김진수,24.03.28,강미나에 (아직 루머지만)싸이에.... 꼭 이기자
475364_6,호다다다닥,24.03.28,강미나가 누규??
475364_7,김진수,24.03.28,"호다다다닥아이오아이, 구구단으로 가수생활 했고 지금은 배우생활 하는 전북팬이셔요최근에 웰컴투삼달리 나오셨어용"
475364_5,빡빡이,24.03.28,이기고 감독은 집에 보내자
475364_8,정휘인,24.03.28,드디어 ㅋㅋㅋ
475364_9,최철순,24.03.28,혹시 축하공연 싸이가 아니고 강미나가 한다면?ㅋㅋ
475364_12,다이나믹피치,24.03.28,성지 예상ㅎㅎ
475364_10,이지금아이유,24.03.28,헉
475364_11,마니치,24.03.28,오!
475364_13,다현,24.03.28,오호
475274_1,랜도리,24.03.25,루머를 모름
475274_4,W ROONEY작성자 본인 여부작성자,24.03.25,psy...
475274_11,미니언즈,24.03.25,W ROONEY에?!?!?!?!?! 근데 이번 쿠플픽 경기를 모름 ㅋㅋㅋㅋㅋㅋㅋ찾아봐야겠네요
475274_2,차범근,24.03.25,그 루머를 모름
475274_3,유럽여행,24.03.25,모름..
475274_5,버츠비,24.03.25,아 혹시 싸이가 노래부르러가는게 아니라 쿠플픽하러가는거에요??
475274_6,W ROONEY작성자 본인 여부작성자,24.03.25,모르겠네요... 그냥 보다보다 하다보니 저도 정리가 안되네요
475274_7,이지금아이유,24.03.25,진짜 오는 분위기인데
475274_8,다현,24.03.25,구단에서 초청한 느낌이던데
475274_10,W ROONEY작성자 본인 여부작성자,24.03.25,개막식부터 계속 인스타에 댓 남기던데요? ㅋㅋ
475274_9,강민경,24.03.25,전북이 부른거 같은 느낌
474835_1,스마일리,24.03.19,단감독 단두대매치인가요?
474835_2,발롱도르,24.03.19,봐 줘 라
474835_3,빌 게이츠,24.03.19,쿠플픽 올해도 울산 따라다닐려나.. ㅠ
474835_4,더범,24.03.19,
474835_5,축구부장,24.03.19,"이거야말로 단두대매치, 길로틴매치..이 경기 패하면 페트레스쿠 감독은 솔직히 거취가 어떻게 될지.."
474774_1,포항아처,24.03.18,야구 하나만 하는데 질도 낮고 가격은 쿠팡보다 비싸서 불만이 많은 분위기더라고요.
474774_6,달려라거북이작성자 본인 여부작성자,24.03.18,"쿠팡은 무료 배송도 있으니까요??K리그와 손잡기전 쿠팡은 OTT3,4권이었는데축구와 손잡고 같이 성장 하는 것 같아기분 좋네요"
474774_2,"Xavi, Gavi",24.03.18,갓팡
474774_3,더범,24.03.18,갓팡
474774_4,K리그사랑축구사랑,24.03.18,그래도 야구 중계질이 축구보다는 훨씬 좋던데. 쿠팡 제외하면
474774_5,달려라거북이작성자 본인 여부작성자,24.03.18,문제는 요즘 tv로 보는 사람이 적고야구는 6시부터 9회까지 진행 해서중간에 모바일 보는게 필수 인데 티빙중계 퀄이 엉망 이더라구요앞으로 좋아지겠지만 서울 시리즈 보니쿠플 따라 가려면 멀었어요
474316_1,더범,24.03.17,쿠팡 일해라
474316_2,버츠비작성자 본인 여부작성자,24.03.17,5분전에 여네요 ㄷㄷㄷㄷ
474316_3,더범,24.03.17,버츠비열렸네요
474277_1,호다다다닥,24.03.17,전 TV로 봐서
474277_3,즈믄가람,24.03.17,전 쿠플 잘 나오는데…
474277_4,잔소리 봇작성자 본인 여부작성자,24.03.17,저는 잘 보고 있다가 한번씩 로딩이 걸림
474277_5,H_Crespo,24.03.17,ㅠㅠ
474277_6,사피 알 딘,24.03.17,저도 안끊겼어요 ㅠ
474277_7,잔소리 봇작성자 본인 여부작성자,24.03.17,왜 나만… 이놈들…
474277_8,David Villa,24.03.17,22잘 봄
473364_1,버츠비,24.03.14,없으면 왠지 그럴 것 같네여...국대 중계 준비도 할테고
473364_2,박종윤팬,24.03.14,야구때문에 못할듯
473364_3,이태석이승준,24.03.14,매 라운드 하는 게 아니다 보니 ㅠㅠ
473364_4,이지금아이유,24.03.14,담주 야구 국대땜에 바쁘다고
472569_1,피자빵,24.03.10,설마 제시 린가드라서..ㅋㅋ
471844_1,안녕히개새요여러분 전이세상의굴레,24.03.10,쿠플이용
471844_2,프리카스,24.03.10,전 쿠플
471844_3,축구부장,24.03.10,쿠플
471844_4,호다다다닥,24.03.10,쿠플 배뚠뚠이라
471844_5,주바페,24.03.10,쿠팡
471623_1,축구부장,24.03.10,웃김 ㅎ
471595_1,신해철,24.03.10,리그2 쿠플픽 이라니 ㅎㄷㄷ
471595_2,3LungPark,24.03.10,FC안양에 사위가 ㅋㅋ
471537_1,버츠비,24.03.10,쿠플픽은 이번것까지 한다고 했던듯요장기프로젝트있으니까 유튜브로는 계속 직관다니시지 않을까싶네요ㄷㄷ
471537_2,Clarence Seedorf,24.03.10,되게 일찍 시작하네요
471515_1,프렌테트리콜로,24.03.10,ㅋㅋㅋ
471515_2,프렌테트리콜로,24.03.10,2부라 그런지 중계도 마이너채널에서ㅠ하네요
471515_3,추달,24.03.10,서기철 신연호 조합이라 ㅎㅎ
471515_4,스톤콜드,24.03.10,ㄹㅇㅋㅋ 분위기가 ㅋㅋ
471515_5,신해철,24.03.10,그래도 메이져 국대 중계하시던 서기철옹 이라서 그런지 메이져 느낌나네요
469449_1,오스먼트,24.03.02,지난 시즌에는 k리그 공홈꺼도 올라오지 않았나요?
469449_2,축구부장작성자 본인 여부작성자,24.03.02,네? 그게 무슨 말씀인지?
469449_3,오스먼트,24.03.02,축구부장2분 하이라이트. 풀 하이라이트가 쿠플꺼 말고 k리그 공식채널꺼도 있었어요.
469449_4,축구부장작성자 본인 여부작성자,24.03.03,오스먼트아..올해는 없나요? A매치도 쿠플것이 있고 KFA것이 있던데
469449_5,Royal_Black☆SFC,24.03.03,올라오는 시간 딜레이가 작년에도 정해져 있었어요. 연맹이 6시간인가 12시간인가 더 늦게 올립니다.
468325_21,레드블랙,24.03.01,대단하심👍
468325_22,K리그사랑축구사랑,24.03.01,잘 부탁드립니다~
468325_23,엑셀시오르,24.03.02,올시즌도 잘 부탁드립니다!!
468325_24,아이스핫초코,24.03.02,교수님 진짜 항상 감사합니다
468325_25,추달,24.03.10,갓교수님
468325_1,H_Crespo,24.03.01,교수님 고생하셨습니다. 새로운 아나운서 이쁘당 ㅎㅎ
468325_2,빗속의 노란물결,24.03.01,배경음악이랑 한준희이경규  피리 부는거   왜 이렇게 찰떡이냐....ㅋㅋㅋㅋㅋ
468325_3,재키와이,24.03.01,교수님 이번시즌도 잘 부탁드려요 !!!!
468325_4,대전시티즌ID,24.03.01,잘부탁드려용~
468325_5,님강등당해요조심,24.03.01,
468325_6,더범,24.03.01,
468325_7,전문키커 이세은★,24.03.01,ㄷㄷㄷㄷ
468325_8,호다다다닥,24.03.01,
468325_9,Bazilak Kal Kuksu,24.03.01,사랑합니다 교수님
468325_10,Suwon22love,24.03.01,
468325_11,이으뜸(광주FC),24.03.01,교수님 올해도 잘 부탁드립니다!!
468325_12,Leno,24.03.01,갓벽한 정리 ㄷㄷ
468325_13,배우,24.03.01,충성충성
468325_14,홍랑,24.03.01,
468325_15,수원삼성조유리,24.03.01,갓교수 갓교수 야야야 !잘부탁드리옵니다
468325_16,알베르토 모레노,24.03.01,그저 갓
468325_17,Minatozaki Sana,24.03.01,교수님 알럽
468325_18,Apink은지,24.03.01,언제나 감사합니다!!!!!!
468325_19,오스먼트,24.03.01,항상 정말 감사합니다!
468325_20,오뚜기,24.03.01,감사합니다 올해도 잘 부탁드려요:)
467910_1,삼재현,24.03.01,타지키 레바논은 진짜 너무 재밌었음ㅠㅠㅠㅠ
467610_1,버츠비,24.03.01,고정으로 한 가지 코너를 맡는 그런 장기적인 역할인가봐요 ㅋㅋ쿠플픽은 한 번 더 나오는 것 같아요 ㅋㅋ
467607_1,버츠비,24.03.01,크
467607_2,더범,24.03.01,
467607_3,리윈,24.03.01,우리나라 이쁘신분들 왜케 많아
467587_1,H_Crespo,24.03.01,두둥
467584_1,Dennis Cirkin작성자 본인 여부작성자,24.03.01,아 찾았습니다. 전체화면 하니까 보이네요
467584_2,David Villa,24.03.01,Pip 되는데요
467584_3,Dennis Cirkin작성자 본인 여부작성자,24.03.01,전체화면 안한 상태에서는 그 버튼이 안보이더라구요 ㅋㅋ
467584_4,David Villa,24.03.01,Dennis Cirkin
467573_1,더범,24.03.01,전경기 쿠플픽
467559_1,이지금,24.03.01,갓팡 ㄷㄷㄷㄷㄷ
467559_2,Leno,24.03.01,? 이경규님이 고정으로 하는거예요??
467559_3,반더벤,24.03.01,와ㄷㄷ
467557_1,abitclosertohell,24.03.01,
467547_1,다로로,24.03.01,느아
467547_2,그무언가작성자 본인 여부작성자,24.03.01,
467518_1,더범,24.03.01,
467518_2,삼재현,24.03.01,경규옹 ㄷㄷㄷㄷ
467518_3,다이나믹피치,24.03.01,경인더비까지 2회 출연ㅎㄷㄷ
467518_4,그무언가,24.03.01,이경규우~
467515_2,이지금아이유작성자 본인 여부작성자,24.03.01,헉 감사해엽!
467515_3,zoleo,24.03.01,설정하고 해봤는데 뜨는데 어떻게 해야하죠?!
467515_5,zoleo,24.03.01,닉네임은 포털 검색 등을 통해 외부오 됐네요!!!
466619_1,전북17이재성,24.02.20,"그놈의 올스타전 그만 하면 안되나.,.그냥 좀 쉬었으면..."
466619_2,벤탕후루,24.02.20,무조건 티켓 산다!!!!!!!
466619_3,크르르르,24.02.20,또?
466619_4,디지몬,24.02.20,클럽팀이랑 하자 올스타전 솔직히 별루
466619_11,이태석이승준,24.02.20,22
466619_5,JhmArsBarJuv,24.02.20,그냥 둘이 해라..
466619_6,fayewong,24.02.20,파리도 초청해자 ㅋㅋㅋ
466619_7,fayewong,24.02.20,그건 그렇고 예상대로 뮌헨이 토트넘한테 줄 대전료는 쿠팡이 대신 내주겠네요 ㅋㅋㅋ
466619_8,#GCRC,24.02.20,올스타말고클럽끼리하지ㅠ
466619_9,jjul,24.02.20,뭔또 올스타야......걍 클럽끼리 하던가
466619_10,KOLON,24.02.20,맨:꼬 이후 또 보겠네ㅎㅎ
466619_12,H_Crespo,24.02.20,가능합니까?
466619_13,No. 10 모드리춘,24.02.20,파리은??
466619_14,다현,24.02.20,와 토트넘 또 와?
466619_15,인천제로콜라,24.02.20,난 올스타 팀 좋음!
465636_1,JhmArsBarJuv,24.02.14,티빙
465636_2,아이스핫초코작성자 본인 여부작성자,24.02.14,
465489_1,싸움소알라,24.02.12,슈퍼볼은 화려함 끝판왕이긴 하죠 ㅋㅋ
465489_2,이태석이승준,24.02.12,"경기장 사이즈며 슈퍼볼 보러오는 유명인사들(르브론, D그린)이며 장난 아니죠그리고 월드컵 결승전 다음으로 시청률이 높은 게 슈퍼볼 ㄷㄷ"
465489_3,H_Crespo,24.02.12,슈퍼볼은 ㅎㄷㄷㄷ한 대회임
465489_4,Be FEARLESS,24.02.12,슈퍼볼이 아마 세계에서 제일 비싼 대회일꺼에요 유럽축구보다도 더 개쩌는.....
465489_5,Tensegrity Universe and Philosophy,24.02.12,우와 파이널 터치다운 !!
465473_1,전북조규성,24.02.11,승호가 해외경험 있는게 적응 잘하는 이유가 있을듯요 해외리그는 실력외에도 다른 요소가 있딘보니 ㅠ
465473_18,에릭,24.03.10,222222222
465473_2,리얼 피난민,24.02.11,선수 한두명으로 리그 수준을 판단하는건 어렵다고 생각합니다. 이청용같이 가자마자 빅리그에서 날 뛰는 케이스가 있다면 김두현 처럼 리그박살내고 가서 아쉽게 돌아오는 케이스도 있고요 뭐 배준호도 감독 바뀌고나서 닥주전으로 뛴다고 압니다.
465473_7,더범,24.02.11,222
465473_3,아이스핫초코,24.02.11,리그 수준을 알아보려면 같은 리그에 모아두고 한시즌 돌려봐야 안다고 봄
465473_6,삼성팬버스기사,24.02.11,fm으로 돌려봐야할듯요
465473_4,세꿀버리,24.02.11,사실 그러면 k리그 = 프리미어리그 분데스리가 세리에a긴 하죠
465473_5,엄지공주 오무지,24.02.11,버밍엄의 경우 이번 시즌 ㅈ망했다 표현해도 어색하지 않을 정도로 심각한 거라...
465473_8,빗속의 노란물결,24.02.11,팀수를 좀 늘려야죠~
465473_9,데니스 로드먼,24.02.11,팬들이 프로스포츠 즐기는 방식 중 하나가 맞붙어 볼 수 없는 상황에서도 우위를 비교가늠하는 즐거움도 있는 것 같아요. 챔피언십이랑 케이리그는 엄밀히는 비교가 불가능 하지만 작성자임처럼 선수활약이나 팀간 단판전 경기로 비교군 찾고 이렇게 생각도 해보고 하는 거죵 ㅎㅎ 국톡이 그런 톡하라고 있기도 한거니까용. 저는 승호 선수는 김두현 코치가 가장 잘썼다고 생각해서..기존 전북롤에선 승호 선수가 팀엔 도움됐을지라도 개인으론 제한적인 활약했다고 생각해서 버밍엄에서 현재 뛰는 위치가 중요하다고 생각해요 ㅎㅎ
465473_11,폴로 랄프로렌,24.02.11,잉글2부급은 아닐듯요 ㅠㅠ 아시아팀한테도 고전하는데 ㅠㅠ
465473_12,cityhunter,24.02.11,예전에 피스컵 할 때 성남이 프리미어리그에 있을 때의 선더랜드를 이긴 적도 있어요 k리그가 다른 나라 리그 어느급이다라고 단정짓는건 어려운거죠
465473_13,케케로,24.02.11,선수들 킥력만봐도 절대 k리그랑 동급아닙니다 유럽선수들 발목힘이 우리나라랑 기본적으로 달라요 피지컬은 두말할 필요도 없고
465473_14,Tensegrity Universe and Philosophy,24.02.11,템포와 피지컬적 압박의 강도가 다르다고 하던데..
465473_15,No.1,24.02.11,잉글 독일 2부 > k리그1 > 스페인 프랑스 이탈리아 2부
465473_16,Be FEARLESS,24.02.12,"빅리그 2부리그와 비교할 때 가장 자주 비교되는 리그긴 해요 분데스2부와 더불어서타 중소 유럽 1부리그로는 오스트리아, 벨기에가 많이 거론되고"
465473_17,숭늉이 덜 우러났다 야,24.02.12,전체로 보면 챔피언쉽이 더 높은거 같아요.
464948_1,이태석이승준,24.02.05,전북전에서 혹시??
463521_1,엄지공주 오무지,24.01.14,국내에선 야구만 그렇게 제제를 공식적으로 하고 있고야구쪽도 그리 긍정적으로 보진 않고 있어서축구는 쿠플 단독으로 중계하는 그런게 아니라서 잡진 않을 거에요
463521_2,보글,24.01.14,"네. 공정 이용이라고, 상업적 이용/방송사 매출에 영향이 없으면 괜찮지만, 저작권자가 금지하면 안해야 합니다."
463521_3,스틸야드,24.01.14,그쪽에서 저작권위반이다하면 걸리긴하죠
463521_4,대전하나FC,24.01.15,걸리면 걸리지만 쿠팡 신경안쓰니 상관은 없어여
460561_1,수원삼성조유리,23.12.12,타팀도 아는데 정작 본인들은 객관화 안되어있는 레전드 팀ㅋㅋ
460561_2,울트라셀프,23.12.12,보드진의 마인드가 제일 중요함.
459430_1,다현,23.12.09,지금은 괜찮네영
459111_1,순수했던청년,23.12.06,음주?
459111_2,강원★트레블작성자 본인 여부작성자,23.12.06,bgm 노래요
459111_3,키나페,23.12.06,강원★트레블한동근이 음주운전이라..
459111_4,순수했던청년,23.12.06,강원★트레블라스도 한동근도
459111_5,강원★트레블작성자 본인 여부작성자,23.12.06,키나페그거까진 몰라서 생각못했네요~ 그냥 노래 제목이 매정한거로만 생각함
459111_6,순수했던청년,23.12.06,강원★트레블뭐 해석하기 나름이지요
459111_7,hhlkah,23.12.06,순수했던청년노렸다고 봐야죠 ㅋㅋ
458899_1,베토벤,23.12.06,"서버증축은 돈 엄청 드는거라 힘들텐데, 욕 개먹을듯"
458899_2,"shunske,boucha,fettouhi",23.12.06,스트리밍 서비스도 동네가게 수준인데 뭘 바라겠음ㅋㅋ
458898_1,포항 최후의 보루 김기동,23.12.06,인터넷 문젠줄 알았는데 쿠팡문제였군요 ㅡㅡ
458539_1,수원삼성조유리,23.12.04,쿠플 유튜브 스카이스포츠
458539_2,별빛사냥꾼작성자 본인 여부작성자,23.12.04,고맙습니다
457552_1,디턱스,23.12.02,(다이렉트) 강등 말하려나봐요 ㅋㅋ
457552_2,레알먀드리드,23.12.02,두팀 경기가 사실 다렉 강등 매치라 그런듯
457552_3,락싸가흥미니,23.12.02,일단은 면했다고 하는거니까 일단 다이렉트 강등은 먼핬다고 하는 거 같네여
457316_1,Royal_Black☆SFC,23.12.02,골 넣을 때는 멀티뷰 나오기는 합니다.
456879_2,K리그1평화왕,23.11.30,레전드는 아니겠지만 오범석은 포항돌아오기전에 강원에서 뜀
456879_3,GFYS,23.11.30,둘 다 수원 레전드까지도 아니고오범석은 따지고보면 수원보다 강원에 더 오래있었음
456879_4,김정은,23.11.30,GFYS양상민도 레전드냐 아니냐로 갑론을박이 있는 마당에 오범석 백지훈이 레전드까지는 아니죠ㅋㅋ
456879_5,그래웃자,23.11.30,김정은양상민을 갑론을박할게 있나요? 제겐 염기훈보다 더 레전든데...
456879_6,김정은,23.11.30,그래웃자사람마다 생각이 다르다보니.. 은퇴시즌즈음에 맞다 아니다로 얘기가 많긴 했어요
456879_8,엄지공주 오무지,23.11.30,김정은특정 팬커뮤 전 주인장만 광분하긴 했죠..ㅋ
455374_1,우왁굿,23.11.25,이효리님이 제주에 남으셨다면 출연 가능했을까요?
455124_1,피고온,23.11.22,vpn 하셔야돼요
455124_4,서울★SSID작성자 본인 여부작성자,23.11.22,아 확인해볼께요. 감사합니다
455124_2,코코타임,23.11.22,vpn쓰시면 됩니당 잘나와요
455124_3,yoonseokyeol,23.11.22,안됩니다 제가해봄
455124_5,서울★SSID작성자 본인 여부작성자,23.11.22,그랗군요 ㅠㅜ 아이피우회 하는 방법을 찾아봐야겠네요 답변 감사합니다
455124_6,yoonseokyeol,23.11.22,서울★SSID전 vpn도 안됐으요 ㅠ
455124_7,서울★SSID작성자 본인 여부작성자,23.11.22,yoonseokyeol헐.....
455124_8,Agust d,23.11.22,vpn하면 돼여
455124_9,민트히메♥,23.11.22,저도 베트남에서 우리팀 경기 보려고 했는데 안됐었어요ㅠㅠ vpn은 귀찮아서 안했어요
455124_10,아이슬리,23.11.22,저도 vpn해도 안됬음
455124_11,André Luis,23.11.22,"전에 다른분께 답 드렸었는데.  폰 로밍-와이파이 접속-와이파이 끄고-쿠플 재생-화면 나오는 순간 와이파이 적속 하시면 됩니다. 혹시 패드, 혹은 노트북으로 시청하실 예정이라면 해당 기기 와이파이 접속-핸드폰 테더링 와이 파이 연결-쿠플 재상-핸드폰 테더링을 끄면 자동으로 현지 와파 접속으로 시청 가능합니다"
455124_12,서울★SSID작성자 본인 여부작성자,23.11.22,오 감사드립니다 ^^
455063_1,Mateja Kezman,23.11.21,아 제주도 살지 ㅋㅋ
455063_4,총알로벤,23.11.21,FC서울과는 연관이 있었네요 창단촉구 위원도 했었고 창단후에는 홍보대사도 했었어요 그리고 축구동호회 유명하고요 단지 요즘엔 K리그 안봤을거에요
455063_6,Mateja Kezman,23.11.21,뭐 쿠플픽에 나왔던 연예인들 중에 k리그 제대로 본 사람이 몇이나 되겠어요 ㅎㅎ
455063_7,엄지공주 오무지,23.11.21,총알로벤https://m.cafe.daum.net/rocksoccer/ADs2/376688?svc=cafeapp앗...
455063_15,포항⭐샤비토비치,23.11.21,설마 토x했던 사람인데 경기 많이 챙겨 봤겠죠 ㅋ
455063_10,King of asia ULSAN,23.11.21,제주 한번도 안해서 그래요
455063_5,총알로벤,23.11.21,탁재훈이 제주도 살고있고 결정적으로 정조국감독과 친해서 지금 아내 김성은 소개해준것도 탁재훈이라고 하네요 ㄷㄷㄷㄷㄷ
455063_13,묘느리미나리,23.11.21,ㄷㄷㄷㄷ 처음 안 사실ㅋㅋㅋ
455063_16,다이나믹피치,23.11.21,ㅎㄷㄷ
455063_17,톰 스파이더맨,23.11.21,탁재훈 정조국 감독이랑 친한거 처음암
455063_8,빗속의 노란물결,23.11.21,돌싱포맨fc 에이스~~
455063_9,이나마,23.11.21,탁형 축구에 진심 ㅎㅎ 요즘핫한데 섭외응해줘서 고맙네여 ㅋㅋ
455034_1,시티즌 유,23.11.20,문자로 오는군요 ㄷㄷㄷ저는 그럼 탈락 ㅠㅠ
455034_6,돌고래 조아하는 김채원작성자 본인 여부작성자,23.11.20,앗 너무 흥분한 상태라
455034_3,스카이건,23.11.20,저도 당첨 ㅎㅎ
455034_4,스티키,23.11.20,더 가리세요 ㅋㅋㅋ
455034_5,스티키,23.11.20,쿠플 쓰는데 K리그 이벤트도 했었구나ㅠㅠ 나도 응모해볼걸
455034_7,김정은,23.11.20,저도 당첨ㅋㅋ 일반석만 되는거 같은데..ㅠㅠ
455034_8,cheft,23.11.20,부럽 ㅠㅠ
455034_9,전혜원,23.11.20,저도 많이 안봤다고 생각했는데 당첨…
455034_10,더범,23.11.20,
455034_12,마니치,23.11.20,부럽네요. ㅠㅠ
455034_14,Tensegrity Universe and Philosophy,23.11.20,축하드립니다~~
455034_15,수원의신,23.11.20,나만 안되네 흙
455007_1,뚠뚜니스타 배성재,23.11.19,뭐가 문제인건가요?
455007_2,롯데리아작성자 본인 여부작성자,23.11.19,저는 개인적으로 이임생이 나갔어도 후임감독에게 수원으로 합류하고싶다는 의사를 전했어야 하지 않나 싶어요. 물론 의사전달을 했는지는 모르겠으나 이임생 사퇴 후본인이 어떻게 했는지는 얘기없이 단순히 어려워졌다고만 얘기한게 아쉽네요
455007_4,엄지공주 오무지,23.11.19,롯데리아제일 큰 문제는 그 후임감독을우린 대행 기간 60일 끝나기 직전에 주승진에서 박건하로....ㅎ수원에 세번이나 올 정도로 애정 보인 선수라 크게 뭐라 하고 싶지 않지만조스카스는 결국 팀이 3대2로 이기고 있던 상황에 실점하며 먹힌 건대남이 하면 모를까 스스로 번번히 꺼내드니...첨엔 그땐 그랬지 하다가...근디 슬슬 열받네...? 했으니...
455007_3,김다현,23.11.19,결론은 은퇴식까지 시켜준팀 거르고 지역경쟁팀으로 굳이 은퇴복귀한거죠저상황이면 다른팀가면되지 굳이 수엪?
455007_5,말로니,23.11.20,"박건하가 염기훈도 안썼는데, 조원희를 썼을까요? ㅋㅋㅋㅋ 그리고 K2라서 수삼 팬들 수프 거들떠 보지도 않던시절인데"
455007_6,뚠뚜니스타 배성재,23.11.20,지금은 강등을 놓고 대결중이라 뭔가 바꼈는지 모르겠지만 조덕제 승격 시절이나 두번째 k1 시절 생각해봐도 집에서 오히려 더 가까운 팀이 생겼다고 수원에 팀 두개 생겨서 좋다고 세컨팀으로 삼겠다는 수원팬들 분명 많았음
455007_7,말로니,23.11.20,뚠뚜니스타 배성재위에 댓글에 굳이 수엪 가냐길래 ㅋㅋㅋ 댓글단거임
454884_1,André Luis,23.11.14,패드에 현지 와이파이 접속-핸드폰 테더링 온-패드로  테더링 와이파이 접속 후 쿠플 중계 온-재생이 시작하면 핸드폰 테더링 끄면-패드가 현지 와이파이 접속하면서 재생 됨
454884_2,뀨뀨로미작성자 본인 여부작성자,23.11.14,오 그런 방법이 있군요. 느낌상 현지 SIM은 안되고 로밍으로만 가능하겠죠?
454884_3,André Luis,23.11.14,"뀨뀨로미네 로밍만 가능합니다. 넷플이나 다른것도 저런식으로 보고있어요. 혹시 지금 사용중이신 요금제 확인해보세요. 로밍이 들어가 있을수도.,. 아니면 싼거 부가서비스 가입하시면 될거같아요"
454884_5,뀨뀨로미작성자 본인 여부작성자,23.11.14,André Luis소중한 꿀팁 너무 감사합니다! 로밍옵션 알아봐야겠네요
454884_12,롹쏴롹쏴,23.11.14,오오 이게 되요? 진짜 신기하네요
454884_4,하귀미깡,23.11.14,전 예전에 해외에서 그냥 불법베팅사이트에서 봤네요ㅋㅋ
454884_6,뀨뀨로미작성자 본인 여부작성자,23.11.14,K1과 아챔까지는 어찌 찾을 수 있을거 같은데 K2는 자신이 없네요 🥺
454884_7,VanDerSar,23.11.14,호주면 k리그 공식 중계사이트(https://tv.kleague.com/en-int/page/home) 에서 보실 수 있을겁니다. 다만 어떤 경기는 영어 해설을 제공하지만 어떤 경기들은 해설이 없어서 좀 심심하실 수도 있음.현재 미국에서 잘 보고 있습니다.
454884_8,뀨뀨로미작성자 본인 여부작성자,23.11.14,예전에 뉴스에서 봤던 해외중계 플랫폼이 아직 운영중이었군요. 무료인가 보네요? 정말 감사합니다 ☺️ 리그는 이걸로 해결하고 아챔은 호주도 아챔 참가하니 아마 중계해주겠죠 ㅋㅋ
454884_10,VanDerSar,23.11.14,"뀨뀨로미네 로그인만 하시면 무료일 거에요. 처음엔 몇년뒤에 유료화 한다고 했던거 같은데… 아직까지는 무료로 볼 수 있더라고요. k1, k2 모두 해줘서 보기 좋음."
454884_9,yoonseokyeol,23.11.14,예전에 국대경기보려고 아프리가까지했는데 안됨
454884_11,ParisSG,23.11.14,필요시 VPN한국시간+2시간=호주 동남부(시드니. 멜버른. 태즈메이니아) 여름시간
454816_1,싸리*재,23.11.12,"와, 이정도면 경축이다."
454816_2,이태석이승준작성자 본인 여부작성자,23.11.12,아직 두 라운드가 남아있고 굵직한 경기들도 남아 있습니다^^
454816_3,추달,23.11.13,대박이다 진짜
454816_4,치타,23.11.13,11000명도 가능할 듯ㄷㄷ
454816_5,축구축구축구축구축구축구축구축구축,23.11.13,
454816_6,캐스커,23.11.13,미쳤다 ㄷㄷㄷ
454816_7,K리그가 미래다,23.11.16,K리그 인기가 2023년에 새로운 전환점을 맞이했네요내년부터가 더 중요해지네요 ㅎㅎ
454589_1,51581811,23.11.12,네 오늘 수원더비 쿠플픽했어요
454589_2,폐인모드,23.11.12,하는중인데요...
454589_3,bkchoi712,23.11.12,쿠플중계하고있어요
454589_4,이지금아이유,23.11.12,중계있어요
454589_5,no10. Ruud van Nistelrooy,23.11.12,쿠플에선 K리그 경기 다 합니다.
454589_6,no10. Ruud van Nistelrooy,23.11.12,제일 위에 스포츠 창 터치 하시고 K리그1 이런거 터치 하지 마시고 밑으로 내려 가시면 됩니다.
454589_7,no10. Ruud van Nistelrooy,23.11.12,no10. Ruud van Nistelrooy
454454_1,Leno,23.11.12,ㅁㅊ 헐 탁사마
454454_2,엑셀시오르,23.11.12,ㅋㅋㅋㅋㅋ 재밌겠네요 ㅎㅎㅎㅎ
454454_5,I.B.I LUV,23.11.12,신예은 기대 했는데 안되는가보네.....;;
454454_7,엑셀시오르,23.11.12,신예은은 영상메시지 나온다고 하네요.
454454_8,I.B.I LUV,23.11.12,엑셀시오르그럼 됐음 ㅎㅎ
454454_6,철면피카츄,23.11.12,탁재훈 축구 진짜 잘했었는데 ㅋㅋㅋ 지금도 잘하시려나
454454_9,몽몽이네,23.11.12,아 제주사는구나
454454_10,이태석이승준,23.11.12,그러고 보니 탁재훈 불후의명곡때 정조국 와이프랑 방송했었죠 ㅋㅋㅋㅋㅋㅋㅋ
454454_11,더범,23.11.13,지역주민 게스트 ㅋㅋㅋㅋㅋ
454453_1,버츠비,23.11.12,ㅋㅋㅋㅋㅋㅋㅋㅋㅋㅋㅋㅋㅋㅋㅋ꿀잼예상
454453_2,마이너스템포,23.11.12,애월읍주민ㅋㅋㅋ
453960_1,이태석이승준,23.11.12,ㅋㅋㅋㅋㅋㅋㅋ
453960_2,더범,23.11.12,출연조건?
453469_1,엄지공주 오무지,23.11.08,직관 예정이지만안 봐야겠다
453469_3,이나마,23.11.08,아 게스트 갈수록 별로네
453469_4,시메오네442,23.11.08,수원FC에도 뛰었죠 ㅎ
453469_5,이지금아이유,23.11.08,아별로네
453469_6,주린쓰,23.11.09,수수 다뛴 ㄷㄷ
453469_7,황인택,23.11.09,진짜 꼴보기 싫다
453469_8,황인택,23.11.09,은퇴식까지 해줬는데 팀 분위기 안좋을때 중요한 시기에 자책골 넣어놓고 나중에 자기 유튜브 때문에 개그로 승화시켜 버림. 그러다가 뜬금없이 수엪에서 다시 플레잉코치로 복귀. 수엪에서도 계속 자기 유튜브 찍더니 그걸로 인지도 얻고 협회에서 자리까지 차지. 말로는 국축 위해서 하는거라면서 결국 승부조작 파면때 아무말 못하고 입 싹닫고 앉아있다 옴. 이후 논란되자 인스타 댓글 막고 계속 평소처럼 아무일 없다는 듯 유튜브 함. 진짜 할말 많은데 욕나올까봐 못하겠다.
452314_1,마팊,23.11.04,티조도 안해주네요
452314_2,Leno작성자 본인 여부작성자,23.11.04,아 쿠플도 해주나보네요다행
452314_3,Mai.K,23.11.04,해주는듯
452314_4,쭈꾸미,23.11.04,쿠플해쥼
452314_5,쿠르쿠르호우,23.11.04,쿠팡에서 해주는듯요
452314_6,Alexis Sanchez,23.11.04,쿠플 잠시후에 시상식 한대요
452313_1,주바페,23.11.04,잠시 후 한데여
452313_3,정휘인작성자 본인 여부작성자,23.11.04,그러네요
452313_2,빌 게이츠,23.11.04,해주는듯! 갓팡!
452313_4,정휘인작성자 본인 여부작성자,23.11.04,그러네여
451195_1,호다다다닥,23.11.01,두렵네요............
451195_2,분노쿨링시스템,23.11.01,두렵네요...2
451195_3,Terry,23.11.01,또 쳐맞고 지는거 아닌가 모르겠네... 공개처형급으로다가
449947_1,"2010년 해축,국축입문 계정날라감",23.10.28,두팀다 머물었던
449913_1,abitclosertohell,23.10.28,아 가레스 처음인가 ㅋㅋㅋ
449254_1,금새록,23.10.24,네이버요.
449254_2,시메오네442,23.10.24,TVN스포츠 중계라 티빙에서도 볼 수 있습니다.
449254_3,제주마씸,23.10.24,아프리카 요
449254_4,No. 10 모드리춘,23.10.24,25년부터 afc챔스 쿠플 합니다
449254_5,Domino,23.10.24,티빙 네이버 다음 아프리카tv 에서 중계해주고 있어요
449254_6,운중천고라니,23.10.24,해외시면 유튜브 키워드 라이브로 잘 찾아보면 가끔 나와요.저같이 호주면 파라마운트+
449254_8,첨피작성자 본인 여부작성자,23.10.24,모두 감사해요 덕분에 잘 보고 있습니당 티빙 결제했어요!
449228_4,LK_99,23.10.24,국축뿐아니라 모든스포츠팬유입가능
449228_7,수원삼성조유리작성자 본인 여부작성자,23.10.24,ㅋㅋㅋㅋㅋㅋㅋㅋㅋㅋㅋㅋㅋㅋㅋ
449228_2,전소민,23.10.24,ㄷㄷ
449228_6,수원삼성조유리작성자 본인 여부작성자,23.10.24,헉
449228_3,분노쿨링시스템,23.10.24,ㅎㅎ 지금하는거보면 쿠플픽 실망시키고 조기강등확정할거같은데 ㅋㅋ
449228_5,수원삼성조유리작성자 본인 여부작성자,23.10.24,ㅌㅌㅋㅋㅋㅋㅋ근데강원도 쉽지않아서 진짜 모르겠네요
449228_8,수미칩,23.10.24,서로 계속 연패 박다가 마지막경기에서 만나면 어우야…
449228_11,심장을 바쳐라,23.10.24,수삼이 저럴 때마다 강원은 매번 똥만 사니...
449228_12,김경중,23.10.24,잼나겠다 멸망전 가즈아~~
449228_13,아슈카,23.10.24,와 결승전
449228_14,더범,23.10.24,올시즌 쿠플픽 촉이 거의 다 좋았는데 초대박 치려나요?
449228_15,이나경,23.10.24,멸망전..ㄷㄷ
449228_16,Bazilak Kal Kuksu,23.10.24,소오름..
449228_17,식서스,23.10.24,강등권 경기가 리얼 흥미진진 하죠
449228_18,ebrq,23.10.24,"막라운드는 쿠플픽 2번이면 좋겠는데.. 토요일 하스경기, 일요일 상스경기."
449228_19,다이나믹피치,23.10.24,미친 지구멸망전 ㅎㄷㄷ
449163_1,캐스커,23.10.22,담주는 평관 만명 넘을듯
449163_2,전문키커 이세은★,23.10.23,ㄷㄷ하네
449163_3,AHN JUNG HWAN,23.10.23,서울은...진짜로 에휴
448498_1,이지금아이유,23.10.21,ㅇㅈ
448498_2,HYNN박혜원,23.10.21,맞음
448471_1,소녀시대 윤아,23.10.21,어 님 뒤에 ㄷㄷㄷ
448471_2,Tensegrity Universe and Philosophy,23.10.21,쿠팡에서 귀신 탐지기 하나 사서 테스트 해보세요.
446966_1,세꿀버리,23.10.08,가능하나요?
446966_3,버츠비작성자 본인 여부작성자,23.10.08,컴터는 될거에요 ㅎㅎ
446966_2,cheft,23.10.08,컴터는 되더라구요
446966_4,버츠비작성자 본인 여부작성자,23.10.08,맞아요 ㅎㅎ
446066_1,캐스커,23.10.01,담주도 무난히 평관 1만명 넘겠네요 ㄷㄷ
446066_2,★인천축구 지대본★,23.10.01,
445290_1,51581811,23.09.30,후덜덜덜
445289_1,골반의 지배자 기성용,23.09.30,99대장 미친ㅋㅋㅋㅋ
445289_3,골반의 지배자 기성용,23.09.30,아더에러네ㅋㅋ 그런 컨셉이에요ㅋㅋ
445289_5,골반의 지배자 기성용,23.09.30,아더에러아뇨ㅋㅋㅋ 아마 90년대 초반생 쯤일거에요
445289_6,이태석이승준작성자 본인 여부작성자,23.09.30,아더에러실제로는 92년생입니다^^
445036_2,버츠비작성자 본인 여부작성자,23.09.30,헛쿠플픽하는 곳에 앉아계신분은 아나운서분인 것 같아요 ㄷㄷ이름을 모르겠지만 ㅋㅋㅋ
445036_3,이태석이승준,23.09.30,김희주 아나운서요 엠스플 출신
445036_4,버츠비작성자 본인 여부작성자,23.09.30,그렇군요 ㄷㄷㄷ
444987_1,수원삼성조유리,23.09.29,안지현 ㄷㄷㄷㄷㄷㄷㄷㄷㄷ오킹까지 ㅋㅋㅋ
444987_2,헌신적인악마,23.09.29,안지현이 수윕이면  오킹은 서울 인가 ㄷ
444950_1,권순태,23.09.27,항상 감사합니다~!
444950_2,꿈축선장,23.09.28,감사합니다. 즐거운 명절 보내세여
444950_3,Class,23.09.28,항상 잘 보고 있습니다. 행복한 명절 보내세요!
444950_4,앙리와피구,23.09.28,
444950_5,1000억자산가,23.09.28,"잘 보고 있습니다. 명절 잘 보내세요. 그나저나 광주 저 잔다봐라,."
444950_6,전문키커 이세은★,23.09.28,크... 감사합니다... 즐거운 명절 보내세요 !!!!
444950_7,대전황인범,23.09.28,감사합니다
444950_8,테스형아,23.09.28,그저 빛♡
444950_9,골반의 지배자 기성용,23.09.28,좋은 명절 되십쇼!!
444950_10,인천의혼,23.09.28,명절 잘 보내세여
444950_11,흰둥흰둥이,23.09.28,최고에요
444107_1,AHN JUNG HWAN,23.09.24,저도 그랬어요 광주전북
444107_2,봉동사위,23.09.24,저도 재접속
444107_3,랜도리,23.09.24,없었음
444107_4,★인천축구 지대본★,23.09.24,쿠플 계속 그래왔는데 안 바뀜 ㅜㅜ
443787_2,전문키커 이세은★,23.09.23,ㄷㄷㅇㄷㄷ
443787_3,김민주,23.09.23,유빈ㄷㄷ
443787_4,RESPECTS,23.09.23,전북의 자랑 마라황
442819_1,강민경,23.09.20,티빙
442819_2,완델손,23.09.20,티빙에서 해주더라구요 어제
442819_4,폐인모드,23.09.20,아프리카tv도 됩니당
442819_5,Tensegrity Universe and Philosophy,23.09.20,티빙~
442341_1,베토벤,23.09.19,아프리카 ㄱ
442341_2,금새록,23.09.19,네이버
442341_3,즈믄가람,23.09.19,네이버 스포츠에서 해요.
442341_4,다현,23.09.19,네이버나 다음에서 중계해줘영
442341_5,Gunnersaurus작성자 본인 여부작성자,23.09.19,감사합니다
442341_6,나드리,23.09.19,티빙에서도 해줘요
442264_1,쏜님,23.09.19,아프리카랑 티빙이용
442264_2,ㅁ앙팡테리블ㅁ,23.09.19,아프리카tv요
442264_3,Van Der Sar,23.09.19,네이버 하는듯요
442264_4,더범,23.09.19,다음 네이버
442264_5,차범근작성자 본인 여부작성자,23.09.19,감사합니당네이버로 봐야겠네요ㅎ
442264_6,Clarence Seedorf,23.09.19,다음여
442264_7,K리그가 미래다,23.09.19,다음 네이버
442105_1,싸리*재,23.09.17,와 많다 ~~
442105_2,영미리,23.09.17,여름 더위와 우천 경기가 많았음에도 평관이 계속 오르고 있네요파이널가면 중요 경기가 더 많아지니 최종 평관은 11000 가까이 찍을 수도 있겠어요
442105_3,완델손,23.09.17,포항 비만 안왔으면 8000명 넘겼을텐데 아쉽네
442105_4,캐스커,23.09.17,이번주 우천 있어서 만명 어렵겠다 봤는데 ㄷㄷ
442105_5,K리그가 미래다,23.09.18,비가와서 날씨가 애매해서직관 취소한분들 많았을텐데..그래도 관중 많이왔군요 ㄷㄷㄷㄷ확실히 인기가 달라지긴했네
440549_1,Andrew Suarez,23.09.07,추석주간 쿠플픽이 동해안더비가 아니고 수엪 서울경기라니 ㄷㄷㄷ
440549_2,이태석이승준작성자 본인 여부작성자,23.09.07,"저도 의아했어요 ㄷㄷ 제 개인적인 생각으로는 제주, 강원, 수엪은 아직 쿠플픽 중계를 한 적이 없어서(제주는 태풍으로 쿠플픽 취소ㅠㅠ) 형평성을 위한 편성이 아닌가 하는 생각이 드네요🤔"
440549_3,벽민재,23.09.07,오후2시 너무 더울꺼같은데..ㄷㄷ
440549_4,이태석이승준작성자 본인 여부작성자,23.09.07,5년 전 9월 말쯤에 경남원정 직관했었는데 그때 2시 킥오프였는데 그때도 덥더라고요 ㄷㄷㄷ
440549_5,별이삼샵,23.09.07,30일날 포항 홈인디 ㅜㅜ
440549_6,이태석이승준작성자 본인 여부작성자,23.09.07,죄송합니다! 수정했어요~~
440549_7,키나페,23.09.07,제이티비씨만 걸리지마라!!현장음 안살려줘서 안좋아함..
438777_22,어리둥절,23.08.31,
438777_23,이으뜸(광주FC),23.08.31,이남자
438777_24,루드반니스텔루이,23.08.31,ㄷㄷㄷㄷㄷ
438777_1,포 항,23.08.30,잘보고 있습니다 감사합니다~
438777_2,서울은 빅클럽,23.08.30,감사합니다~ 늘 고생이 많으세요 잘 보고 있습니다!!
438777_3,소울레븐,23.08.30,쉽지 않은 남자 정효
438777_4,베로,23.08.30,
438777_5,수리수리남,23.08.30,잘보고있어요
438777_6,독도왕,23.08.30,
438777_7,소년탐정 김전일,23.08.30,와우 !!!!
438777_8,오뚜기,23.08.30,항상 감사합니다
438777_9,정승현15,23.08.30,감사합니다!!
438777_10,Ferran Torres,23.08.30,항상 감사ㅜ
438777_11,든든따리든든따,23.08.30,
438777_13,사피 알 딘,23.08.31,최고최고!
438777_14,히누,23.08.31,스토리텔링 최고네요 영상으로 보고싶어요 ㅎㅎ
438777_15,GCRC,23.08.31,내사랑 케이리그!!!
438777_16,호다다다닥,23.08.31,
438777_17,v.Nistelrooy,23.08.31,잘봤습니다.
438777_18,FC서울_기성용,23.08.31,존잼 ㅋㅋㅋㅋ
438777_19,랴냐빠,23.08.31,펀칭 맞으신 어머님 많이 아프실듯 ㅜㅜ
438777_20,백예린,23.08.31,
438777_21,김첨지,23.08.31,잘봤어요
438713_1,채화,23.08.30,오잉...태풍ㅠㅠ
438713_2,이지금아이유,23.08.30,아앗 ㅜㅜ
438713_3,우주,23.08.30,태풍 진짜 눈치 없네 ㅠㅠ 제주홈 첫 쿠플이었는디
438713_4,JhmArsFcbJuv,23.08.30,태풍이라니..
438713_5,엘링 홀란드,23.08.30,헐
438713_6,다현,23.08.30,아쉽네...
438488_1,오스먼트,23.08.27,와 서울 ㄷㄷㄷ
438488_2,진정해존슨,23.08.27,굿굿 좋네요. 다음 라운드도 기대해봐도 될거 같습니다.
438488_3,奇誠庸,23.08.28,굿굿굿
438488_4,달려라거북이,23.08.28,서울 하드캐리 평관 만명 순항중
438488_5,캐스커,23.08.28,ㄷㄷㄷㄷ
438488_6,K리그가 미래다,23.08.28,K리그 미쳤다
438448_1,하나로마트,23.08.27,ㅋㅋㅋㅋ 티냄 ㅋㅋ
438448_2,신해철,23.08.27,가는길은 ㅋㅋㅋ 중계안함 zz
438448_3,버츠비,23.08.27,저정도 고생에다가 게스트 아직 말 안 한거면 혹시 신예은인가?!
438448_4,육아메시지성박,23.08.27,ㅋㅋㅋㅋㅋㅋㅋㅋ왜 사서 고생을
438448_5,광배근,23.08.27,ㅋㅋㅋ 비행기타라고
438448_6,뭐라고하지,23.08.28,슈퍼매치 아니네요?
438439_1,역전골,23.08.27,오
438439_2,곰슬기,23.08.27,배덕한 조합
438439_3,OPEL,23.08.27,황덕연 진짜 성공했네 위인이랑 중계를 하네
438439_4,시골개,23.08.27,덕연좌 이야
438439_5,다현,23.08.27,이 조합 새롭네ㅋㅋㅋ
438438_1,비오는날,23.08.27,오오
438438_2,쏜델,23.08.27,제주 쿠플픽 처음이죠?
438438_3,이태석이승준작성자 본인 여부작성자,23.08.27,네!
438438_4,다현,23.08.27,엥ㅋㅋㅋㅋ
438046_1,버츠비,23.08.27,오호 재밌겠따
438046_4,이태석이승준,23.08.27,제발 신예은 기원
438046_7,I.B.I LUV,23.08.27,이태석이승준222 신예은 가줘야함
438046_3,라페,23.08.27,울산 아닌게 얼마만인가..
438046_5,이태석이승준,23.08.27,드디어 제주도 쿠플픽을!!!
438046_6,더범,23.08.27,드디어 제주홈 쿠플픽 👏
438045_2,버츠비작성자 본인 여부작성자,23.08.27,ㄷㄷㄷㄷㄷ장동민도 궁금하네요 ㄷㄷㄷㄷ
438040_1,수원삼성조유리,23.08.27,???: 여러분의 등록금이 퍼퍼펑퍼펑
438040_2,포항스틸러스!,23.08.27,그까이꺼 대충
438040_3,케빈대북라이너작성자 본인 여부작성자,23.08.27,대충대충
438040_5,더범,23.08.27,아니! 포커의 신께서?https://youtu.be/6gIF_ZuryLI?si=nqew8WtYH_BeMh1r
438040_6,"2010년 해축,국축입문 계정날라감",23.08.27,축구 그까이꺼 머 그냥 머 대~~~충
438032_1,묘느리미나리,23.08.27,목소리도 못 생겼다 ㅋㅋㅋㅋㅋㅋㅋㅋ
438032_4,채화작성자 본인 여부작성자,23.08.27,ㅠㅠ
438032_5,묘느리미나리,23.08.27,키보드 소리나 오디오 겹치는건 녹음 파일을 트랙별로 받으면 편집 때 조정은 가능하긴해요.
438032_6,채화작성자 본인 여부작성자,23.08.27,묘느리미나리감사합니다
438032_2,Zizou Zidane,23.08.27,목소리만 못생겼을까????
438032_3,채화작성자 본인 여부작성자,23.08.27,앗......
438032_7,별이삼샵,23.08.27,좀 더 못생긴 목소리 부탁드립니다!
438032_8,채화작성자 본인 여부작성자,23.08.27,뿌익
438032_9,역전골,23.08.27,
438032_10,채화작성자 본인 여부작성자,23.08.27,ㅠㅠ
438032_11,에라스네츠,23.08.27,못생긴건 기본 패시브라 어쩔수가 없...
437914_1,경남,23.08.26,저도 그래요ㅜ
437914_2,Madrid작성자 본인 여부작성자,23.08.26,화면도 이상하고 소리도 영..ㅠ
437914_3,다현,23.08.26,화질도 뭔가 이상한거 같은...
436512_1,앙리와피구,23.08.21,와 넘잼
436501_1,David Villa,23.08.20,5분이네
436501_2,3LungPark,23.08.20,4분은 돼야 골장면이라도 다 담을 듯 ㅋㅋㅋㅋ
436501_3,미니언즈,23.08.20,4분이라지만 사실 5분 ㅋㅋㅋ근데 저거도 진짜 꽉꽉 눌러담았네요 ㅋㅋㅋㅋ
436501_4,Leno,23.08.20,??: 아 2분내외로 편집 못 꾸겨넣겠다니까요??
436501_5,이태석이승준,23.08.20,서울 수엪 7:2 경기는 3분 45초였는데여기는 5분 ㄷㄷㄷㄷ
436501_6,1973_FCPS,23.08.20,골만 7골인데 거기다 양팀 놓친 빅찬스들이 어마어마하게 많았음 특히 포항 ㅋㅋㅋ 그거 다 담으려면 2분갖고는 택도 없지 ㅎㅎ
436501_7,최철순,23.08.21,2분이면 빨리감기해야 삽가능 ㅋㅋㅋㅋ
436491_1,블루윙즈지킴이,23.08.20,자료 감사합니다
436491_2,캐스커,23.08.20,이번 라운드 거의 8만 관중 ㄷㄷ
436491_3,달려라거북이,23.08.21,평괸 1만 지켜!!
436491_4,헌신적인악마,23.08.21,역시 경기력이 잘나와야 관중이 오네요
436491_5,K리그가 미래다,23.08.21,캬~~K리그 관중수 진짜 이대로만 계속 가면 좋겠네요~올시즌 역대급이네요~
436491_6,할수있습니다,23.08.21,스플릿전까지 10200명대 유지하면 무조건 넘는다고봅니다 평관 10000명
436224_21,만두쓰작성자 본인 여부작성자,23.08.20,배준호선수는 볼을 정말 잘 다루나봐요
436224_1,no10. Ruud van Nistelrooy,23.08.20,저는 빅리그 까진 모르겠는데 김주찬 선수가 요즘 끌리더라구요
436224_2,no10. Ruud van Nistelrooy,23.08.20,수원삼성 선수 입니다.
436224_3,만두쓰작성자 본인 여부작성자,23.08.20,어디선수 입니까? 그선수 유심히 볼게요
436224_4,만두쓰작성자 본인 여부작성자,23.08.20,no10. Ruud van Nistelrooy포지션은 공격수인가요?
436224_5,no10. Ruud van Nistelrooy,23.08.20,만두쓰윙어 쪽으로 알고 있어요
436224_6,no10. Ruud van Nistelrooy,23.08.20,no10. Ruud van Nistelrooy
436224_7,만두쓰작성자 본인 여부작성자,23.08.20,no10. Ruud van Nistelrooy수원삼성이 순위가 많이 낮던데 그럼에도 캐리하는거면 실력이 뛰어나겠네요
436224_10,no10. Ruud van Nistelrooy,23.08.20,만두쓰저는 저 어린 친구가 공 차는게 너무 이쁘게 차는거 같고 자신감도 있고 선배들에게 깍듯하게 하는 모습이 이쁘더라구요
436224_11,만두쓰작성자 본인 여부작성자,23.08.20,no10. Ruud van Nistelrooy일단 인성면에서도 좋으니 크게 재능만 만개하면 잘 크겠네요
436224_12,만두쓰작성자 본인 여부작성자,23.08.20,"no10. Ruud van Nistelrooy저는 사비알론소, 피를로, 토날리 유형 좋아하는데 이와 비슷한 플레이를 하는 케이리거 있을까요? 일단 저는 올림피아코스 황인범 선수를 좋아하는데 이스타일은 아닌것 같아요"
436224_15,no10. Ruud van Nistelrooy,23.08.20,만두쓰이미 노장이지만 fc서울의 기성용 선수는 어떠신가요
436224_17,no10. Ruud van Nistelrooy,23.08.20,만두쓰대전하나시티즌에 주세종 선수도 있네요
436224_18,만두쓰작성자 본인 여부작성자,23.08.20,no10. Ruud van Nistelrooy기성용 선수는 셀틱시절부터 봐왔어요~  이 기성용 선수역할을 큰 정우영 선수가 대표팀에서 짊어지다가 욕도 많이먹고 하지만 월드컵 본선에선 제몫을 했죠
436224_19,만두쓰작성자 본인 여부작성자,23.08.20,no10. Ruud van Nistelrooy주세종 선수도 주목하겠습니다 중국의 손준호? 전북의 송민규 선수는 다른스타일인가요?
436224_8,no10. Ruud van Nistelrooy,23.08.20,그리고 대전 하나 시티즌에 배준호 선수도요
436224_9,만두쓰작성자 본인 여부작성자,23.08.20,저 지금 포항대 대전보고 있는데 선발 아닌것 같아요
436224_14,no10. Ruud van Nistelrooy,23.08.20,만두쓰60분에 교체 출전했다니 지금 뛰고 있을 겁니다. 등번호 33번 입니다.
436224_13,Class,23.08.20,"주관적으론 FC 서울 이한범(cb), 인천유나이티드 천성훈(st), 대전하나시티즌 배준호(wf), 포항스틸러스 고영준(cam)"
436224_20,만두쓰작성자 본인 여부작성자,23.08.20,모든 댓글에 배준호선수는 포함되어 있네요 나머지 세선수들도 주의깊게 볼게요
436224_16,I’d rather be ashes than dust,23.08.20,대전 배준호는  갈듯
435951_1,마하제로,23.08.19,그거는 좀 늦게 뜨더라구요
435951_2,빗속의 노란물결,23.08.19,12시넘으면 올리지 않을지...
435951_3,22.고종수,23.08.19,시간이 조금 더 지나야 뜰듯합니다
435825_1,몽몽이네,23.08.19,쿠팡픽 울산단골이네 ㄷㄷㄷ
435825_2,빗속의 노란물결,23.08.19,명보형 또 인터뷰하네~ㅋ
435825_3,정휘인,23.08.19,또 울산이네
435825_4,신해철,23.08.19,대전 경기에 불러주지 ㅋㅋㅋㅋㅋㅋ
435825_5,미니언즈,23.08.19,또 울산...뭐가 있나요??
435358_1,Alexander Ian Grant,23.08.19,ㅋㅋㅋㅋㅋ
435358_2,3LungPark,23.08.19,미친 ㅋㅋㅋㅋㅋㅋㅋㅋㅋㅋㅋㅋㅋㅋㅋ
435358_3,폐인모드,23.08.19,ㅋㅋㅋㅋㅋㅋㅋㅋㅋㅋ아 ㅋㅋㅋㅋㅋ
435346_1,육아메시지성박,23.08.19,ㅋㅋㅋㅋㅋㅋ오히려 여유로운 통역사님
435339_1,돌감자빵,23.08.19,용검이형 목소리 들린다 :
435336_2,더범,23.08.19,신도림 조기축구회 회원 뽑나요?
434620_1,통수볼,23.08.13,아직도 평관 10000명 이상이라니 미친시즌이다 ㄷㄷㄷ
434620_2,블루윙즈지킴이,23.08.13,항상잘보고있습니다 감사합니다
434620_3,상상속에산다,23.08.14,우리 부산도 1부 가 보자 ~~
433662_1,NacBang,23.08.09,제주를 가네 ㄷㄷ
433662_4,엑셀시오르,23.08.09,과연 ㄷㄷㄷㄷ
431979_1,김진수,23.08.02,
431979_3,우주,23.08.02,이 글 보고 켰어요 ㅋㅋㅋ중계진 붙으니까 트레이닝 재밌네여전북 오픈트레이닝 유튜브라이브 하는 거 보면 사실 재미는 없었는데
431549_1,지효,23.07.28,ㅇㅈ
431549_2,아사니,23.07.28,주위에서도 많이들 언급
431549_3,외유내강,23.07.28,제 주위는 아직도 개리그 어쩌고 저쩌고 하는 인간들만 수두룩ㅋㅋ월드컵 때 손흥민 있어도 우루과이 절대 못 이긴다. 브라질이 안바줬으면 10대1로 졌다. 이딴 소리나 해제끼네요ㅋㅋㅋㅋㅋ
431517_1,F C서울,23.07.28,올라와있던데요 저방금 보고옴
431517_3,K리그1평화왕작성자 본인 여부작성자,23.07.28,10시에 없었는뎅ㅋㅋ올라왔네요 감사요
431517_2,신사,23.07.28,쿠팡플레이 어플 들어가보세요:)
431517_4,K리그1평화왕작성자 본인 여부작성자,23.07.28,10시에 없었는데 올라왔네요ㅋㅋ감사요
431517_5,차범근,23.07.28,어제 경기 끝나고 바로 떴어요
431497_1,범고래어흥,23.07.27,시즌 전에는 망했다는 반응이 많았는데 대단하네요
431497_2,더범,23.07.28,갓팡
431497_3,weone,23.07.28,스포티비는 평생 야구만해라...양치기들
431492_23,GCRC,23.07.27,쿠팡짱
431492_24,kangws806,23.07.28,혜자네
431492_25,짐느,23.07.28,킹팡
431492_26,라임은나임,23.07.28,짱팡
431492_27,United Trafford,23.07.28,이피엘이랑 챔스도... ㅠㅠㅠㅠㅠ
431492_28,다이나믹피치,23.07.28,K리그의 희망 갓팡 ㅠㅠ
431492_29,좋은데이,23.07.28,사랑해요 갓팡
431492_31,시티즌 유,23.07.28,이 행보 변치말아요 갓팡
431492_32,짤순태,23.07.28,조규성도 중계!
431492_33,지효,23.07.28,킹팡
431492_34,맷 머독,23.07.28,킹팡짱플레이
431492_35,최철순,23.07.28,"스포티비같은경우는 순수하게 스포츠중계만 추가로 볼 수 있었다면쿠팡은 스포츠 중계부터 해서 쿠팡프레쉬,와우등 로켓배송도 가능하고쿠팡플레이 OTT도 이용 할 수 있어서솔직히 만원 넘어도 쓸거같은데......ㅎ엄청 혜자스러운 가격인듯"
431492_36,분노쿨링시스템,23.07.28,갓팡
431492_37,"King-In, Lee",23.07.28,갓팡 일 잘하네
431492_38,검색의생활화,23.07.28,역시 미국기업이라서 그런지 참 잘하네요. 우리나라랑 비교됨요.
431492_1,루카,23.07.27,갓팡
431492_2,흑마,23.07.27,괜히 갓팡이 아니네요
431492_3,만두쓰,23.07.27,진짜 쿠팡 일 잘해요
431492_4,AT마드리드,23.07.27,킹팡
431492_5,채화,23.07.27,갓팡
431492_6,아닌데,23.07.27,조규성때매 덴마크 리그도 중계해주는듯ㅋㅋ
431492_7,Be FEARLESS,23.07.27,오호 중계권 사온건가요.....!!!
431492_9,김지우,23.07.27,갓팡
431492_11,케빈고라니,23.07.27,빛팡
431492_12,더범,23.07.27,갓팡
431492_13,Tsimikas,23.07.27,+ K리그 대통합 ㅋㅋㅋ 카니발 보기좋았음
431492_14,한라산자락,23.07.27,K리그 담당해줘서 고마워요
431492_15,이태석이승준,23.07.27,쿠팡 뽕에 가버렷!!!!!
431492_16,Tensegrity Universe and Philosophy,23.07.27,
431492_17,The theatre of dreams,23.07.27,갓팡
431492_18,Enzo Fernandez,23.07.27,갓팡
431492_19,AAPL,23.07.27,굿
431492_20,육아메시지성박,23.07.27,이대로만 쭈욱 해주십셔!!!
431492_21,Arsenal No.1,23.07.27,킹팡
431492_22,스키히,23.07.27,착한 홍보 인정
431454_1,Febreze,23.07.27,이정도면 솔직히 만원 이상도 쌉가능입니다 ㅎㅎ
431454_3,K리그가 미래다작성자 본인 여부작성자,23.07.27,저도 지금 체감으로는 2만원이하까지는 가능 ㅋㅋ
431454_2,이나마,23.07.27,pl까지 가져오면 만오천원까지 낼수있음
431454_4,외유내강,23.07.27,월드컵 예선도 싹다 가져갔으면 좋겠음
431454_5,우왁굿,23.07.27,그래도 독점은 안했음 해요..스포티비처럼 될까봐 걱정되기도 하고
431454_6,후뉘,23.07.27,진지빨면 경쟁 구도이기 때문에 그 가격에 즐기는거죠. 만약 독점이면ㅎ 독점 상태에서 가격을 싸게 해줄 기업은 지구상 어디에도 없을 거에요.
431454_7,캘빈필립스,23.07.27,스포티비 발전좀 하자 이제
431444_1,마하제로,23.07.27,아마도 7시 이후로 갈듯요
431444_2,레오빠드작성자 본인 여부작성자,23.07.27,다음주부터 더위 시작인데 5시는 그렇죠.변경 기대합니다
431444_3,육아메시지성박,23.07.27,바뀌어야해요. 5시도 더움 ㅠㅠ
431444_4,레오빠드작성자 본인 여부작성자,23.07.27,그렇죠 바뀌어야죠
431444_6,Love Me Like This,23.07.27,저거 그냥 PSG입국 일정이 실시간으로 바뀔 수도 있어서 그런거 아닐까유??
431444_7,레오빠드작성자 본인 여부작성자,23.07.27,어떤 이유든지 아마 바뀌면 이번주중 바뀔꺼 같아요. 다음주면 혼선이 발생할수 있어서 이번주중 결정 날꺼 같아요.
431383_1,치킨에는맥주,23.07.27,갓플 ㄷㄷ
431383_2,울트라셀프,23.07.27,비싼 값을 하는 쿠팡.....
431232_1,임중용,23.07.27,500인데 안끊겨용
431009_1,페퍼민트,23.07.27,쿠팡만세
431009_2,주바페,23.07.27,K리그 개막전부터 구독 중bb
431009_3,하나로마트,23.07.27,만세
430763_1,JhmArsFcbJuv,23.07.27,저는 딱히 이상없네요
430763_2,Son Heung min,23.07.27,님만 그런듯요 전 정상
430763_3,포항스틸러스!,23.07.27,안 끊겨요
430763_4,포항아처,23.07.27,하루이틀 그런 것도 아니라서 ㅋㅋ 전 지금은 괜찮네요
430763_5,주바페,23.07.27,저도 괜춘
430763_6,차태식,23.07.27,티비 어플로 보면 끊기는데 스마트폰이나 태블릿 미러링하면 안끊기네요
430725_1,빈살만,23.07.27,확실히 핫한게 체감되네요
430575_1,Tensegrity Universe and Philosophy,23.07.25,저는 암표상들이 매집한 표들을 일찍 포기하기에 좋은 방법이라 생각했는데 뜻하지 않게 피해를 보는 분들이 계시겠군요.
427801_21,더범,23.07.16,쿠팡도 재미 보고 K리그에 돈 많이 들어왔으면 좋겠습니다.
427801_22,채화,23.07.16,OTT에서 드라마 투자하는건 조금 도박성이 있지만 스포츠는 아니죠 쿠플은 경영적으로 진짜 좋은선택한것 역대급시즌은 +@
427801_25,K리그가 미래다,23.07.16,K리그 쿠팡 서로 윈윈인거 같아요.쿠팡은 K리그 저점일때 저점매수 제대로 했고~~~K리그 경기를 좋은 중계퀄로 상승 시켜서K리그 가치를 더 높여주고쿠팡은 축구판에서 더 좋은 위치를 잡게 되었고~~서로 윈윈~~!!!
427801_1,짐느,23.07.16,쿠팡이 잡아줘서 더 좋은 것도 있는듯합니다 쿠플픽도 좋구요
427801_2,해리슨 델브릿지,23.07.16,쿠팡좋음 해외축구팀 초청할때 계약금 바로꽂아버린다고하고
427801_3,Be FEARLESS,23.07.16,철저히 득실 따져봤겠지만 이런 유무형의 시너지까지 정확하게 예측하긴 어려울꺼에요 임영웅이라는 큰 기폭제도 있었고
427801_4,몽몽이네,23.07.16,중계료 좀 만 더 올려..주...주....주..시...시...ㄹ..수....있....아닙니다..
427801_5,모래반지빵야빵야,23.07.16,쿠팡이 들어와서 더 흥한듯
427801_6,박종윤팬,23.07.16,체감상 2018 독일전 이후 다 상승세 아겜 금메달 2019 u20준우승 2022월드컵 16강 뭐A매치 계속 매진이고
427801_15,케이니,23.07.16,그쵸.일단 한국축구 자체가그전에 기나긴 암흑기였다가 독일전-아겜-손흥민 미친활약 등으로 부흥기 시작되면서축구인기 자체가 높아짐
427801_20,가을날2,23.07.16,국제축구 성적이 좋아서 케이리그를 찾는데 축구 또 재밌게 잘하니 계속 찾는다고 봐야할듯 또 못하고 그랬으면 그냥 이벤트성 방문이 될 수도 있었을텐데..
427801_7,돌고래 조아하는 김채원,23.07.16,"최근에 업계 사람한테 들었는데, 쿠팡 준비 엄청 많이했다고 하더라구요.본격적으로 마음 먹은것은 작년 토트넘 초청때라고 하네요. 많은 분들이 적자본줄 아리는데 30배 흑자 났다네요."
427801_8,이태석이승준,23.07.16,와 30배 흑자 ㄷㄷㄷㄷ 그래서 맨시티랑 꼬마 데려올 수 있었나 보네요. 이번 쿠플 시리즈에서도 흑자내서 꾸준히 한국 축구에 투자해줄 수 있으면 좋겠네요
427801_10,돌고래 조아하는 김채원,23.07.16,이태석이승준그래서 쿠팡에서 그거가지고 본격적으로 스포츠 이곳저곳에 다 투자중인것 같아요. 미식축구랑 F1도 중계권 사서 중계하고
427801_11,이태석이승준,23.07.16,돌고래 조아하는 김채원NFL F1 볼 수 있게 해준 건 진짜 감사하게 생각합니다. 슈퍼볼 하프타임공연도 볼 수 있고 특히 F1은 그동안 어둠의 경로나 jtbc에서 녹화중계로 봐서 감흥이 덜했는데 퀄리파잉이랑 본 레이스 모두 중계해줘서 좋더라고요. 그런데도 한달 구독료가 5천원도 안되니 이만한 가성비갑이 흔치 않죠
427801_12,돌고래 조아하는 김채원,23.07.16,"이태석이승준지금 쿠팡에서 파악하기에 우리나라 사람들 대상으로 시장조사 한 결과 한사람당 많은 OTT를 구독하지 않고 일반적으로 1개 내지 2개만 구독한다는 것을 결과냈다고 하더라구요. 이미 국내 시장은 넷플릭스가 거의 먹었고, 사실상 넷플릭스에서 거의 모든 컨텐츠를 다 시청할 수 있기에 후발주자인 쿠팡은 영화 드라마 컨텐츠보다는 스포츠 컨텐츠로 집중하기로ㅜ했다고 하더라구요. 스포츠는 끊임없이 컨텐츠가 나오기도하고 아직 국내 스포츠 중계는 확실히 잡고 있는 기업이 없다보니까 지금 자본력으로 밀어붙이는 것 같습니다."
427801_14,한라산자락,23.07.16,돌고래 조아하는 김채원와 엄청 분석잘했네요.. 생각해보면 저도 ott 쿠팡빼고 두개했는데.. 쿠팡은 진짜 케이리그보는 용도네요
427801_18,W ROONEY,23.07.16,쿠팡은 k리그에 붙어서 이익을 생각하기보다 k리그를 본인들이.키워.볼 생각이.아닐런지요....
427801_24,돌고래 조아하는 김채원,23.07.16,대대로 고정의근데 본격적으로 투자 결정한 시점이 그때라는 것 같아요
427801_9,케케로,23.07.16,시대가 어느땐데 무료중계만 타령하던 분들은 좀 마인드를 바꿀 필요가 있다고봄 쿠팡은 진짜 저점매수 잘한거임
427801_16,분노쿨링시스템,23.07.16,맞습니다첼지현님도 저점매수 비슷한말했죠작성자분처럼 저도 행복사하기직전절대 오늘 경기 이겼다쿸ㅋ 그러는거 아님 암튼 아님
427801_13,"shunske,boucha,fettouhi",23.07.16,그렇게 돈이 많으면서 미디어플레이어 투자는 좀 하지 그래... 영상옵션 컴플레인 때려도 무시하더라
427801_17,W ROONEY,23.07.16,그것보다. 올시즌 흥행에. 쿠팡이 어느정도 도왔다고 봅니다.
426791_1,우린그지라링컨없어,23.07.13,해축이랑 다른재미가있죠 ㅋㅋ 특히 연고지팀 응원하면 아주그냥…ㅋㅋㅋㅋ
426791_2,RightNow작성자 본인 여부작성자,23.07.13,이사를 많이 다녔어서 그런가 어느 한 팀에 꽂힌 건 아니라 이 팀 저 팀 다 보는데요샌 인천이 눈에 들어오네요..ㅋㅋㅋ확실히 한글로 된 우리 컨텐츠라 편한 것도 너무 좋아요
426791_3,후뉘,23.07.13,저도 특정팀 응원하진 않고 두루두루 다 보는 사람인데. 확실히 관중 늘은거 보면 바람이 불긴 하나봅니다. 요즘은 수원을 유심히 보고 있는데 강등탈출 할런지 과연..
426791_4,AHN JUNG HWAN,23.07.13,캐조온잼
426753_1,폐인모드,23.07.13,존잘남 문선민 ㄷㄷㄷ
426753_2,스마일리,23.07.13,전북의 에이스! 프로 세레모니어! 문선민!!
426753_3,우주,23.07.13,문선민 넣으려면 관제탑 세리머니하는 샷 중에 넣었어야 한다고 봄아 왜 센스 살짝 부족한건데
425932_1,폐인모드,23.07.12,"각 방송사 제작, 쿠플에서 송출 아닌가유"
425932_3,취미요리작성자 본인 여부작성자,23.07.12,아그런거예요??IB 스포츠 너무 잘찍고있어서 ㅎㅎ
425932_2,주바페,23.07.12,쿠팡은 쿠플픽 말고는 송출만 합니다
425932_4,취미요리작성자 본인 여부작성자,23.07.12,그렇군요  ㄱㅅㄱㅅ
425932_7,취미요리작성자 본인 여부작성자,23.07.12,그래요??이런퀄리티면  최고네요
425932_6,아르센도,23.07.12,"얀맹제작, 각방송사는 송출만"
425932_8,취미요리작성자 본인 여부작성자,23.07.12,감사합니다
425828_3,사라비아요작성자 본인 여부작성자,23.07.12,찾았네요. 감사합니다!!!
425828_2,수원삼성조유리,23.07.12,있어여 golf&pbaKt 스카이라이프 218번Kt 지니 55번Lg 유플 117번Sk브로드밴드 973번
425828_4,사라비아요작성자 본인 여부작성자,23.07.12,찾았네요. 감사합니다!!!
424443_1,이태석이승준,23.07.08,그러면 후반기 첫 쿠플픽은 혹시 수원더비??
424132_1,미니언즈,23.07.08,얼마나 많은 사유를 적을지 ㅋㅋㅋㅋ
424129_1,포항아처,23.07.08,언젠간 깨질 징크스인데... 오늘일 것 같은 예감 ㅠ
424128_1,마니치,23.07.08,영등포항의 아들!
424093_1,HYNN박혜원,23.07.08,또 명보 ㅋㅋㅋ
424088_2,골반의 지배자 기성용,23.07.08,와 까리하네요
424088_3,주바페,23.07.08,스틸야드 맞춤 제작ㅋㅋㅋ
424088_4,이태석이승준작성자 본인 여부작성자,23.07.08,계속 이걸로 써도 좋을 거 같아요 ㅎㅎ
424088_5,주바페,23.07.08,이태석이승준출연진끼리 더 가까워서 좋네요ㅎㅎ
424087_1,재작년에는김현팬,23.07.08,조성룡기자는 포항인가요?
424087_2,미니언즈작성자 본인 여부작성자,23.07.08,네 포항 오는걸로 알고 있습니다
423798_1,그무언가,23.07.06,ㅋㅋㅋㅋㅋㅋㅋ
423798_2,zeca_carvalho,23.07.06,하프타임에 공연얘기까지 있던데ㅋㅋ
423798_3,서울스날,23.07.06,맞을거예요ㅋㅋㅋㅋ
423798_5,완델손,23.07.06,호랑나비랑 팔각모사나이 부른다는 썰이 ㅋㅋ
423798_8,스마일리,23.07.06,ㄷ ㄷ 해병대 띄운 코빅 박경호가 요즘 더 괜춘할듯한데
423798_7,서울의★박주영,23.07.06,미쳐따 ㅋㅋㅋㅋㅋㅋㅋㅋ
423798_9,호다다다닥,23.07.07,흥궈신이 누구예요?? 김흥국?
423704_19,리오넬 만길,23.07.05,막걸리해설이 넘 좋움
423704_20,나쵸,23.07.05,오우 ㄷㄷㄷ
423704_21,토티20,23.07.05,포항이 울산 잡을까
423704_22,bourbon,23.07.05,쿠플픽 생기고 나서 더비나 빅매치에 메인 중계진이 많이 몰렸었죠
423704_23,박호두의해외선물,23.07.05,오ㅋㅋㅋ
423704_26,졸부,23.07.05,킹상윤
423704_27,호다다다닥,23.07.05,
423704_28,Birdwoo,23.07.05,이동경 나와서 준희옹 전기감전 한번 시켜드리자~~ㅋㅋㅋ
423704_29,베르캄프10,23.07.05,매경기가 결승전인 막걸리해설
423704_30,K리그가 미래다,23.07.05,헐해설도 전쟁이네
423704_32,Leno,23.07.07,아니 양쪽다 보고싶네요.. 넷이 하면 안되나요 ㅋㅋㅋㅋ
423704_1,더범,23.07.05,이게 이루어지다니
423704_5,라인타는김승대작성자 본인 여부작성자,23.07.05,저정도면 해설진 올인 아닌가 ㅋㅋㅋ
423704_2,도르트문트,23.07.05,스카이스포츠로 봐야겠네
423704_7,라인타는김승대작성자 본인 여부작성자,23.07.05,근데 저정도 중계진이면 올인 아님? ㅋㅋ
423704_9,라인타는김승대작성자 본인 여부작성자,23.07.05,사냐아빠 포항 경기 처음 한게 오늘 ㅋㅋㅋ 심지어 다음 제주전도 중계한다는 소리 있음 ㅋㅋ
423704_4,미니언즈,23.07.05,배성재 이상윤이라니... 스카이스포츠를 못보긴하지만 너무 땡기는 조합이네요 ㅠㅠ
423704_10,라인타는김승대작성자 본인 여부작성자,23.07.05,정용검 한준희에 배성재 이상윤이면 몰빵이네요 ㅋㅋ
423704_6,별이삼샵,23.07.05,이거 어렵다
423704_8,라인타는김승대작성자 본인 여부작성자,23.07.05,저정도면 올인 아닌가 ㅋㅋㅋ 레전드 중계진인데
423704_11,별이삼샵,23.07.05,라인타는김승대뭘봐야할지 모르겠네여.. 쿠플 메인중계진과 크리그 메인텐션중계진조합이라..
423704_24,박호두의해외선물,23.07.05,별이삼샵전 용검트랙좋아해서 후자
423704_31,별이삼샵,23.07.05,박호두의해외선물하 쿠플라인도 좋은데 사냐아부지를 놓치긴 또 싫고
423704_12,이지금아이유,23.07.05,스스 좋다
423704_13,릴카,23.07.05,상윤이형님으로 가야지 미친텐션
423704_14,포항 최후의 보루 김기동,23.07.05,직관가는데 이건 중계로봐도 겁나 재밌겠다 ㅋㅋㅋ
423704_15,이태석이승준,23.07.05,조합이 치트키네 ㅋㅋㅋㅋㅋㅋ
423704_16,마니치,23.07.05,"서울 대전 경기 중계할 때 배성재, 이상윤 해설의 '슈퍼슈퍼슈퍼세이브' 합창 웃겼습니다. ㅋㅋㅋㅋㅋ"
423704_17,신해철,23.07.05,이건 배냐버지 조합으로
423704_18,박준우,23.07.05,넷이 콜라보로 하면 안돼나 ㅋㅋㅋㅋ
423462_1,울산현대호랑이축구단,23.07.02,"직관, 고생하셨습니다."
423462_2,이으뜸(광주FC)작성자 본인 여부작성자,23.07.02,승리 ㅊㅋㅊㅋ 울산 넘기가 너무 힘들어요ㅜ
423462_3,Ferran Torres,23.07.02,김민혁 선수 뭔가 안올 것 같았던....
423462_4,1973_FCPS,23.07.03,김민혁 하면 제일 먼저 떠오르는 팀이 광준데 의외네요..
423459_1,저메인말포이,23.07.02,제주 4700명 강릉 3200명 포항 15000명 수원 6200명 전북 18000명 대전 13000명
423459_2,STEPbySTEP,23.07.03,솔직히 일요일 밤8시 경기는 오지 말라는 얘기같아요.어제 보니 7시나 8시나 덥긴 매한가지던데.
423459_3,아이유FC,23.07.03,22 일욜 8시는 솔직히 별로임 ㅠ
423459_4,이태석이승준작성자 본인 여부작성자,23.07.03,333 크보도 일요일에 18시로 했다가 다음날 직장인들 부담될 수도 있대서 17시로 다시 돌아갔죠. 그런 의미에서 일요일만큼은 19시에 킥오프좀 ㅠㅠ
423021_1,랜도리,23.07.02,쿠플픽이라서
423021_2,"Xavi, Gavi",23.07.02,넵
423021_3,통수볼,23.07.02,넵
422995_2,육아메시지성박,23.07.02,ㅋㅋㅋㅋㅋㅋㅋ현실남매 뭐임 ㅋㅋㅋㅋㅋㅋ
422995_3,에라스네츠,23.07.02,ㅋㅋㅋㅋㅋㅋㅋㅋㅋㅋ
422995_4,고우림,23.07.02,ㅋㅋㅋ 동성고 캉테가 아니라 조선
422991_1,King of asia ULSAN,23.07.02,다음주 또 출연 예정임
422991_3,K리그사랑축구사랑,23.07.02,그만큼 경기를 재미있게 한다는 방증
422952_1,Mita,23.07.02,축신 조나단
422952_2,남산위,23.07.02,광주-인천 경기 때 초대했으면 더 좋았을텐데 ㅋㅋ
422952_3,이태석이승준,23.07.02,그땐 인천 홈이라 인천출신 지상렬님 초대했었죠 ㅎㅎ
421734_3,빌 게이츠,23.06.28,중계중입니다.
421734_4,박호두의해외선물,23.06.28,잘보는중 근데 캐스터혼자중계라 재미가없네요
421734_5,Peter Parker,23.06.28,해줌
421616_1,Tesla,23.06.27,취소표 자주 나옵니다밤 10시 이후부터 계속 보세요
421616_3,헤타페,23.06.27,원래 티켓팅의 시작은 취켓팅입니다ㅋㅋ
421616_4,백만돌이,23.06.28,아니요 2등석A만 해도 1000석 넘게 남아있던데요?
421341_2,문재인대통령,23.06.25,있어요
421341_3,암드,23.06.25,당연히 가능합니다
420630_2,전문키커 이세은★,23.06.24,피파일짱ㅋㅋㅋㅋㅋㅋㅋㅋㅋㅋ
420630_3,덴리,23.06.24,겁나 재밌겠닼ㅋㄱㅋㅋ
420630_4,WingsGoal,23.06.24,쿠플 게스트 잘데려오네 ㅋㅋㅋㅋㅋ
420630_6,더범,23.06.24,피파일짱 뭔데 ㅋㅋㅋㅋㅋㅋ
420630_7,아사니,23.06.24,ㅋㅋㅋㅋ 광주사람 이잖아
420630_8,닭둘킹,23.06.24,조선 우파메카노 아닙니까 ㅋㅋ
420630_9,임종생신,23.06.24,자네 부모가 전라도 사람인가?
420630_10,워뇽이의옾눞lㆆ운lY,23.06.24,피파이짱인데..ㅋㅋ
420630_11,奇誠庸,23.06.24,자네 아버지가 전라도 사람인갘ㅋㅋㅋㅋㅋ
420326_2,Leno,23.06.24,그쵸인사하고 들어가는거 겨우 보여주면 다행인수준 ㅋㅋ
420326_3,첨피,23.06.24,백ㅍ ㅓ
420326_4,No.26염기훈,23.06.24,물론이죠!ㅋㅋㅋ
420326_5,modric,23.06.24,쿠플
419681_2,병수볼신자,23.06.19,헤어지자 말해요
419681_3,박종윤팬작성자 본인 여부작성자,23.06.19,1부랑 헤어지..
419681_4,수원삼성조유리,23.06.19,박종윤팬어허…
419681_6,호다다다닥,23.06.19,
419681_7,다이나믹피치,23.06.19,드디어 나오네요 ㅎㅎ이제 제주 경기에서 신예은님도 나오면 좋겠네요^^
419114_2,빗속의 노란물결,23.06.11,강원도 전용경기장있으면 대박나겠다
419114_3,총알로벤,23.06.12,다음라운드도 비만안오면 평관 1만이상 나오겠네요
419114_4,별은내가슴에,23.06.12,19R는 라운드평관 만명 위태롭겠네요ㅠ전체평관은 만은 유지하겠지만
417936_2,이지금아이유,23.06.10,네 ㅜㅜ
416889_2,No. 25 모드리춘,23.06.05,👏👏👏👏😭
416889_3,이나마,23.06.05,갓팡
416889_5,하나로마트,23.06.05,
416889_6,8thun,23.06.05,이런 시도가 너무 긍정적이다.
416889_7,더범,23.06.05,"월 4,990원에 이만한 만족이 없다"
416769_2,이지금아이유,23.06.04,어제 현대가더비는 4시간 정도
415984_3,백현동거주민,23.06.03,바로 골 ㄷㄷ
415984_4,수원삼성조유리,23.06.03,감사합니다
415984_5,묘느리미나리,23.06.03,어이쿠..ㅋㅋㅋ
415984_6,엄지공주 오무지작성자 본인 여부작성자,23.06.03,안킵니다 가즈아
415984_7,다현,23.06.03,다시 키시죠
415984_8,바보냐너말야,23.06.03,ㅋㅋㅋㅋ 락레발 굿
415984_9,슈팅라이크종수(new),23.06.03,한번만 더 껐다 키시면...
415984_10,엄지공주 오무지작성자 본인 여부작성자,23.06.03,퇴근준비해야 햐서 킬 시간이...ㅋㅋ
415528_2,zoodasa,23.06.03,됩니다. 전체모드하시면 팝업아이콘 뜰거에요
415528_3,성남의아들 황의조,23.06.03,지금 오류나서 업뎃 준비 중이라고 본 것 같아요 ㅠㅠ 저도 안되네요
415528_4,Leno작성자 본인 여부작성자,23.06.03,ㅠㅠ PIP 권한 분명 켜져있는데 안되네요 뿌엥..
415528_5,포 항,23.06.03,안돼요..
415528_6,정휘인,23.06.03,지금 오류때문에 안돼요..
415528_7,정구너,23.06.03,저 업뎃하니까 돼요!
415528_8,정구너,23.06.03,안되시면 그냥 화면 분할 기능 이용하시면 됩니다!
415528_9,Leno작성자 본인 여부작성자,23.06.03,오오 하러갑니다! 감사합니다
415493_2,미니언즈,23.06.03,진짜 경기 전에 직관 분위기 뿜뿜 내주는거 너무 좋음
415493_3,다비치,23.06.03,k리그 인기가 많아져서 관중도 많아져서 관중들 보여주는 맛도 있는 것 같음 ㅋㅋㅋ
415493_4,풋볼,23.06.03,쿠팡종신
415469_2,케쟈,23.06.03,홀란드 퐈컵 결승 결장인가 전주에 와 있네
415469_3,더범,23.06.03,타이밍 ㅋㅋㅋㅋㅋ
415469_4,추달,23.06.03,ㅋㅋㅋ
415469_5,마니치,23.06.03,엄란드 출연 축하쇼네요. ㅋㅋㅋㅋㅋ
415469_6,육아메시지성박,23.06.03,아이고 ㅎㅎㅎㅎㅎ
415466_2,우주,23.06.03,홀란드 전주성에 출현 ㄷㄷㄷ
415466_3,소울레븐,23.06.03,볼때마다 묘하네요 ㅎㅎ
415466_4,묘느리미나리,23.06.03,엄란듴ㅋㅋㅋㅋㅋㅋㅋㅋㅋ
415463_2,몽몽이네,23.06.03,이쯤되면 그냥 시작부터 옆에두고 오프닝 열어도 될듯
415463_3,추달,23.06.03,최다출연ㅋㅋ
415463_4,토르,23.06.03,귀여워
415463_5,녹차라떼,23.06.03,표정이 여유있네 ㅜㅜ
415439_2,묘느리미나리,23.06.03,오 흥궈신이면 해병대라서겠네요??ㅋㅋㅋ
415439_3,포항스틸러스!,23.06.03,오 흥궈신 ㅋㅋ
415439_4,미니언즈,23.06.03,오 드디어 동해안 더비 쿠플픽이!
415396_2,설아,23.06.02,와 홀란드!
415396_3,이지금아이유,23.06.02,내한을 빨리했네
415396_4,마니치,23.06.02,빅매치에 홀란드까지 ㄷㄷㄷㄷㄷㄷ
415396_5,캐스커,23.06.02,엄지렐라 ㄷㄷㄷ
415396_6,FC서울&아스날,23.06.03,시즌 끝나자마자 ㄷㄷ
414754_27,강원오렌지.,23.05.29,저도 쿠플은 별로라고 봅니다.네이버 있을때는 골영상 바로 볼수있는데 쿠플까지 가서는 안보네요
414754_20,뚠뚜니스타 배성재,23.05.29,제도랑 상관없음 오히려 저짓안했으면 더흥함
414754_26,암드,23.05.29,욕먹은 정책은 아니지만 키퍼쇄국정책도 있죠
414754_29,D.Rice,23.05.29,22세 이하는 대성공이긴하죠 아직까진. 저거 없었으면 평균 연령 장난아니었을듯
414754_30,대전하나FC,23.05.29,1번은 경기장에 입장한 실관중수 (유료관중수) 이런식으로 발표했으면 좋겠음
414754_32,권순태,23.05.29,네 저도 동감. 유료관중도 좋지만 실관중도 같이 알았으면 좋겠어요
414754_34,캠퍼,23.05.29,권순태근데 그러면 돈주고 입장한 분들이 무료가 이정도야? 공짜로 봐도 좋겟구나.. 이런 생각들 해서.. 표가치가 떨어질수도 ㅠ
414754_31,하나로마트,23.05.29,말씀 주신 부분들 축구팬들 사이에서 의논된적도 없이 연맹에서 갑톡튀 나온거라서 더 신기함
414754_33,더범,23.05.29,3. 우려가 컸는데 기대이상. 쿠플픽 매주 편성되고 편리하게 찾아볼 수 있도록 UI 정리되었으면 좋겠습니다.
414754_35,기싱닝,23.05.29,쿠플은 어차피 유투브으로도 올라와서... 요즘에는 어떤 플렛폼을 쓰냐보다 어떤 컨텐츠를 만드냐가 중요하다고 봐서 개인적으로 쿠플픽도 좋은 방향이라고 생각합니다.
414754_36,K리그가 미래다,23.05.29,우승상금만 올라가면 좋겠어요
414754_2,북붕이,23.05.28,저는 아직도 22세 이하는 왜 하는지 모르겠네요
414754_3,데니스 로드먼,23.05.28,저는 그래사 제도는 언제나 명과암이 있기 때문에 시간 지나서 평가해야한다고 생각해요 ㅋㅋ 과도기를 겪을 수밖에 없고 그 시행 취지를 생각해보고 평가해야지 바로 역시 이래서 안된다 이러면 절대 나아갈 수 없다고 생각해요.
414754_4,임중용,23.05.29,22세이하는 다시 모든팀들이 r리그를 하던 b팀을 운영하는 방식으로 가든 대안을 마련한 후 폐지하면 좋을듯요. 지금 당장은 유지해야한다고 보지만요.
414754_5,VanDerSar,23.05.28,상금이 제일 문제임.
414754_6,암드,23.05.29,상금문제는 제발 쿠팡이 해외팀 초청할때 올스타 말고 우승팀이 하는 걸로 대체되었으면 좋겠어요상금 쥐꼬리만한거 줄빠엔 차라리 이게 부가수익이 더쩔거 같은데
414754_7,zoodasa,23.05.29,쿠플에서 하이라이트는 유튭에 무료공개 해주는것도 좋음
414754_8,ebrq,23.05.29,02 월드컵 이후 축협과 연맹이 정한 방향성은 항상 옳았다고 생각하고 이제야 성과가 보인다고 생각합니다.사실 09-12 중계 암흑기 시절 및 까내리기 없이 언론이 도와줬다면 이미 터졌을거라 봅니다.
414754_9,육아메시지성박,23.05.29,상금 좀 올려줘라!!!
414754_10,몽몽이네,23.05.29,상금 더도 말고 덜더 말고 10억으로!!!!
414754_11,불불불덩이야,23.05.29,더 흥행해야 스폰도 많이 붙고이제 동남아에 판권 파는 것도 추친해야함그게 진정한 돈이됨
414754_12,서울의 아드리아노,23.05.29,우승 상금이 50억으로 되는날이 와야
414754_14,이욜리스,23.05.29,승강제 1+2가 한수같음. 리그전체의 긴장감을 넣어줌. 예전엔 라운드 가면 갈수록 긴장감 떨어졌는데 이제는 살얼음판이라 매 라운드가 긴장감이 넘침
414754_16,마토곽희주,23.05.29,승강제도 도입하면 리그망하네뭐네 하던 사람들 많았던게 기억나네요
414754_19,캐스커작성자 본인 여부작성자,23.05.29,마토곽희주승강제가 제일 큰건데 그걸 뺐네요 ㅋㅋ
414754_23,마토곽희주,23.05.29,Ezreal이기기위해서가 아니라 하위권팀 감독들 능력이 안되서 그랬다고 생각합니다. 그리고 승강제없었으면 하위권팀들은 막판에 동기부여 상실이라 팬들도 선수도 목적이 없어요.막판에 승점 1점이라도 얻으려고 매경기 피튀기는것자체가 재미죠
414754_25,마토곽희주,23.05.29,Ezreal1+2하기엔 팀수가 적긴하죠. 사실 작년에 너무 스트레스받긴 했습니다..
414754_28,ebrq,23.05.29,승강제 처음 시작했을때만해도 1천명도 안되는 경기도 많았던거 생각해보면 K리그가 흥행하는데는 K리그2가 안정적으로 정착한게 한몫하죠1+2 비판하는 목소리도 이해하지만 K리그2 팀들에게도 승격의 문을 열어주는 당근책을 주긴 주는게 맞다고 생각해서 잘한 정책이라고 봅니다.
414754_15,울트라셀프,23.05.29,일단 평관이 15000이상은 되어야 우승 상금도 더 높일 수 있다고 생각합니다. 지금 수준에서 우승 상금 증액은 어렵습니다.
414754_17,노윤서,23.05.29,스폰아 많이 붙어라..
414754_18,화이트타이거,23.05.29,쿠플 독점 중계는신규 유입 측면에서 긍정적인 효과로 이어졌다는 결과로 볼 수 있을까요?자료 같은게 나왔는지 궁금함그리고 상금문제는 결국 중계권료가 올라야 될텐데당장 상승은 힘들듯쿠팡이랑 새로 계약할때 얼마나 상승할지 지켜봐야 할듯함
414708_2,봉동사위,23.05.28,ㅋㅋㅋㅋㅋㅋㅋㅋㅋzzz
414708_3,3LungPark,23.05.28,헤비 ㅋㅋㅋㅋㅋ
414708_4,캐스커,23.05.28,헤비케인 ㅋㅋㅋ
414708_5,에라스네츠,23.05.28,ㅋㅋㅋㅋㅋㅋㅋㅋㅋㅋ
414708_6,폴포그바,23.05.28,ㅋㅋㅋㅋㅋㅋㅋㅋㅋㅋ
414708_7,아이린,23.05.28,ㅋㅋㅋㅋㅋㅋㅋㅋㅋㅋㅋㅋㅋㅋㅋㅋ
414708_8,오스먼트,23.05.28,ㅋㅋㅋㅋㅋㅋㅋㅋ
414708_9,Make Lemonade,23.05.28,ㅋㅋㅋㅋㅋㅋㅋㅋㅋㅋㅋㅋㅋ
414708_10,Sososo,23.05.28,ㅋㅋㅋㅋㅋㅋㅋ
414708_11,박상미,23.05.28,ㅋㅋㅋㄱㅋ
414708_12,다이나믹피치,23.05.28,ㅎㅎㅎㅎㅎ
414708_13,Korea,23.05.28,ㅋㅋㅋㅋㅋㅋㅋㅋ
414708_14,상상속에산다,23.05.28,ㅋㅋㅋㅋㅋ
414708_15,추달,23.05.28,헤비케인ㅋㅋ
414708_16,기생오라비같은 락싸,23.05.28,ㅋㅋㅋㅋㅋㅋㅋㅋㅋ
414708_17,지효,23.05.28,ㅋㅋㅋ
414706_2,퍼기시절,23.05.28,해설진 어떻게되나요?
414706_3,이지금아이유,23.05.28,배성재 한준희 아닌가요?
414706_4,치킨에는맥주,23.05.28,윤정환은 스카이스포츠 해설임요
411510_2,윤비트,23.05.20,걍 방송을 워낙  잘하셔서ㅋㅋ
411401_2,케빈대북라이너,23.05.18,아 니 돌았니? 니 그래가지고 밥 빌어먹고 살겠니?
411401_5,전문키커 이세은★,23.05.18,인사부터 터지네 ㅋㅋㅋㅋㅋㅋㅋ
411401_6,소울레븐,23.05.18,듣고 보니 완전 중독이었네..
411401_7,삼베옷,23.05.18,ㅋㅋㅋㅋㅋㅋㅋㅋㅋㅋ
411401_8,데이빗베컴이,23.05.18,아낰
411401_9,사랑축구,23.05.20,ㅋㅋㅋㅋㅋ
411163_3,호다다다닥,23.05.15,"카메라가 고장 나서 그렇게 했단 소문이 돌던데, 그게 아니라면 그딴 식으로 화면을 송출하면 리그팬들한테 테러예요....에프엠식 화면을 좋아하는 일부 팬들 빼고는 그런 방식은 넘 지루하고 재미 없어요....특히 박진감이 하나도 안느껴짐"
411139_2,I’d rather be ashes than dust,23.05.14,돈을 안쓰는듯
411139_3,울산현대호랑이축구단,23.05.14,진짜 구구절절 공감입니다
411139_4,우주,23.05.14,리플레이 보여주다 막상 경기 진행 상황 놓치게 만드는 게 너무 많은 것도 불만이에요
411031_2,스타의일생,23.05.14,쿠플픽이 뭐에요?
411031_3,웃기지말자,23.05.14,우리도 쿠플픽이 뭔지 모름 ㅋㅋㅋ
411031_4,하귀미깡,23.05.14,제주야 어차피섬이니까 그러려니하는데ㅋㅋ
411031_5,엄지공주 오무지,23.05.14,저정도면 전기 공급을 지금 구장을 간신히 하고 있는 거 말곤 따로 할 수 없는 환경이란게  이유가 있지 않을까 싶음. 작년에 폭우 피해 문제가 있었던 부분이기도 했고...
411031_8,라인타는김승대작성자 본인 여부작성자,23.05.14,"폭우 피해 문제는 기간이 이래 지났으면 이미 해결했을텐데..내가 전기쪽을 잘 몰라서 그럴수도 있겠지만 전기공급을 간신히 하고 있었으면 애초에 공중파도 안해줬을듯..근데 공중파는 이미 2번이나 함(대전전,인천전) 이정도면 포항이 그냥 싫은거같음 쿠플은 ㅋㅋㅋㅋ"
411031_6,즈믄가람,23.05.14,그냥 울산이 현재 가장 인기 있는 팀이라 그런 거 아닌가 싶은데…
411031_9,라인타는김승대작성자 본인 여부작성자,23.05.14,내가 울산이 6번 했다는거에 불만이 있는게 아니라 포항이 0번 했다는거에 불만임...ㅠ
411031_7,윤비트,23.05.14,울산현대!
411031_11,라인타는김승대작성자 본인 여부작성자,23.05.14,스틸야드ㄴㄴㄴㄴ 그러실수도 있지
411031_13,윤비트,23.05.14,라인타는김승대죄송합니다ㅋㅋ 소심한 도발이였어요
411031_15,라인타는김승대작성자 본인 여부작성자,23.05.14,윤비트아니에여 ㅋㅎ 응원팀이실텐데 그러실수도 있죠
411031_12,수원블루맨1,23.05.14,수원도 홈에서는 1번이라서ㅠㅠ 일단 병수볼이 자리를 잡고 잔류 안정권에 들어가면서 쿠플픽이 늘었으면 하는 바람입니다ㅠㅠ
411031_14,라인타는김승대작성자 본인 여부작성자,23.05.14,그래도 한번이라도 했네요...저희는 아예 0번...
411031_16,수원블루맨1,23.05.14,라인타는김승대그런데 하필 1대3으로 패했던 대전전이었죠ㅠㅠ 원정경기는 2라운드 전북전에서 했었구요. 다음주는 인천vs광주라던데.. 그러고보니 포항 스틸야드에서 쿠플픽을 1번도 하지 않았다는건 놀랍네요.
411031_17,라인타는김승대작성자 본인 여부작성자,23.05.14,수원블루맨1그러게요...ㅠㅠ 전북 포항전 좀 해줬으면 좋겠건만
411031_18,King of asia ULSAN,23.05.14,쿠플픽 출연 팀 횟수(6월3일 기준)울산6서울4전북3수원3대전2대구2인천1광주1공통점 전용구장 그리고 장소 자리가 중요함
411031_19,라인타는김승대작성자 본인 여부작성자,23.05.14,우리도 스틸야드 정도면 전용구장일텐데...쿠플픽 할수도 있는 경기가 15R 전북전 홈 18R 서울전 원정 21R 울산전 홈 이 경기들에 기대해야될려나...근데 다 안해줄듯 ㅋㅋㅋ
411031_20,무고사고마워사랑해,23.05.14,우린 언제했었지..
410808_2,"No Sana, No Life",23.05.14,눈 아픔
410808_3,포항스틸러스,23.05.14,그라운드 밝기때문에 그런듯
410808_4,피고온,23.05.14,중계 눙물
410769_2,골반의 지배자 기성용,23.05.14,오우ㅋㅋㅋㅋㅋㅋㅋ
410769_3,다비치,23.05.14,혀드리블러 ㅋㅋㅋㅋㅋㅋ
410769_5,I’d rather be ashes than dust,23.05.14,ㅋㅋㅋ
410769_6,철면피카츄,23.05.14,오 ㅋㅋㅋㅋㅋㅋ 꿀잼이겠다
410769_7,폐인모드,23.05.14,봐야지 ㅋㅋㅋㅋㅋㅋ
410769_8,인천유나이티드FC,23.05.14,미쳐따 ㅋㅋㅋㅋ
410769_9,바보냐너말야,23.05.14,ㅋㅋㅋㅋㅋㅋ
410769_10,윤비트,23.05.14,안보면 지상렬
410769_11,다현,23.05.14,ㅋㅋㅋㅋㅋㅋㅋ
410769_12,RedDevils,23.05.14,ㅋㅋㅋㅋㅋㅋ
410769_13,주바페,23.05.14,미쳤ㅋㅋㅋㅋㅋㅋㅋㅋㅋ
410769_14,고우림,23.05.14,벌써부터 웃긴ㅋㅋㅋ 또 무슨 드립을 할까
410769_15,육아메시지성박,23.05.14,ㅋㅋㅋㅋㅋ대박
410769_16,더범,23.05.14,ㅋㅋㅋㅋㅋㅋㅋ
410769_17,다이나믹피치,23.05.14,우와 대박 섭외력ㅎㄷㄷ
410532_2,다현,23.05.14,후반전 2골 다 스포 당한ㅋㅋ
410532_3,Leno,23.05.14,아까 재보니 거의 30초 차이 나더라고요 ㅠ
410532_4,지동원,23.05.14,저도요ㅋㅋㅋㅋ 쿠플로 보느라
410378_2,쇼팽발라드1번,23.05.14,차이가 꽤 많이 나네요ㅠㅜㅜ
410350_2,미니언즈,23.05.14,드디어 야구 뷰가 안나오는 건가요보다보니 구도가 뭔가 묘~한데요??
410350_3,철면피카츄,23.05.14,신선하다
410346_3,Leno작성자 본인 여부작성자,23.05.14,네 지상파가 30초 빠릅니다
410346_5,Royal_Black☆SFC,23.05.14,아더에러위성 때문에 아무리 시간이 근접해도 몇 초는 차이가 납니다.
410311_2,Royal_Black☆SFC,23.05.14,제주도 없네요
410311_3,포항⭐샤비토비치,23.05.14,포항 전북전 50주년 기념 경기인데 쿠플픽좀 ...
410311_5,King of asia ULSAN,23.05.14,주말에만 쿠플픽 중계 잡히는거 같아요
410311_4,블루윙봉,23.05.14,강원이나 수엪은 경기장이 종합경기장이라 애매해서 그런가...
410311_6,박종윤팬작성자 본인 여부작성자,23.05.14,그러고 보니 다 축구전용구장이네요 포항은 할만 한거 같은데
410311_7,"shunske,boucha,fettouhi",23.05.14,박종윤팬포항은 공간이 작고  선수들 출입로라 스튜디오 만들기 어려울겁니다.
410311_8,미니언즈,23.05.14,일요일만 쿠플픽이 정해지나보네요김기동감독님... 원정도 좋으니까 인터뷰하시는거 좀 보고 싶은데 매번 너무 아쉽네요
410302_2,이지금아이유,23.05.14,해설위원계의 아버지
410302_3,더범,23.05.14,한국축구의 거목
410288_2,박종윤팬,23.05.14,꽃목걸이 ㅋㅋㅋ
410240_2,수원삼성조유리,23.05.13,아닠ㅋㅋㅋㅋㅋㅋㅋ아다하우가
410240_3,엄지공주 오무지,23.05.13,아다하우 나가!
410240_4,No.25 한찬희,23.05.13,당신이 왜 거기서 나와??
410240_5,덴리,23.05.13,급하게 섭외한 느낌...
410240_6,박종윤팬,23.05.13,임형철 쿠팡 가나?
410240_7,귄터 슈타이너,23.05.13,나름 이스타티비하고 사이가 나쁘지 않음 저번에 번개맨도 나왔고
410240_8,더범,23.05.14,원투펀치?
410240_9,시메오네442,23.05.13,아 두 감독 표정이 안 좋네요.
410240_10,몽몽이네,23.05.13,홍명보는 엄청 자주 인터뷰당하는? 느낌
410240_13,hhlkah,23.05.14,헐 임형철 ㅋㅋㅋㅋㅋ
410240_14,이나마,23.05.14,게스트 기대했는데
410232_2,완델손,23.05.13,티비로 보면 스코어는 안나오더라구요 ㅋㅋ
409607_3,아시아의호랑이,23.05.13,
409412_2,박진포,23.05.10,잼게 보세요!
409148_2,레오빠드,23.05.10,잘돼요
409148_3,아이유FC작성자 본인 여부작성자,23.05.10,제가 이상하군요ㅠ
409148_4,아이유FC작성자 본인 여부작성자,23.05.10,어플 어데이트 하니 되네요ㅠㅠㅎㅎ
409148_5,레오빠드,23.05.10,아이유FC다행이네요.잘보세요
408744_2,킹덤 왕기,23.05.10,네 있어요
408744_3,고추파티작성자 본인 여부작성자,23.05.10,감사합니다
408527_2,광배근,23.05.09,티비랑은 비슷하고 쿠플이 느려요 ㅋ
408527_3,우왁굿작성자 본인 여부작성자,23.05.09,앗 그렇군요ㅠㅠ
408527_4,최아린,23.05.09,그냥 티비로 봐도 시간차 있어요
408527_5,3LungPark,23.05.09,쿠플은 심할 때 거의 1분 차이 나더라구요
408527_6,강해린,23.05.09,축수저 부럽..
408527_7,우왁굿작성자 본인 여부작성자,23.05.09,이번주 금요일 이사갑니다ㅠㅠ
408334_2,RONALDINHO,23.05.09,중계에 진심인가 퀄이 날이 갈수록 좋아지는 ㄷㄷ
408334_5,"shunske,boucha,fettouhi",23.05.09,퀄이 좋다는 소리는 스크린 옵션부터 향상해야.. 그런 기본조차 안되면 쓰레기플레이어일뿐
408334_9,RONALDINHO,23.05.09,"shunske,boucha,fettouhi아...아앗그거슨 팩트입니다 ㅎㅎ"
408334_3,정승현15,23.05.09,캡쳐 어떻게 하셨어요..?
408334_4,캐스커작성자 본인 여부작성자,23.05.09,앱켜서 이런 화면 보이자마자 했죠 ㅎㅎ
408334_6,정승현15,23.05.09,캐스커오...쿠플 캡쳐안되던데
408334_7,한라산자락,23.05.09,오오 켰는데 되네요!!!
408334_8,"2010년 해축,국축입문 계정날라감",23.05.09,시즌초부터..
408222_2,울산현대호랑이축구단,23.05.08,솔직히 쿠플에서 홍감독 출연료 줘라ㅋㅋㅋ
408222_5,민호,23.05.08,안익수 감독도 꽤 나와서 같이 나눠야겠어요 ㅋㅋㅋ
408222_3,빅리그k,23.05.08,쿠팡플레이 애플티비에 앱 나와서 티비 큰화면으로 보니 좋네요
408222_4,더범,23.05.08,상반기 최대 빅매치
408222_6,미니언즈,23.05.08,포항은 언제 나오나... ㅠㅠ
408222_7,바보냐너말야,23.05.08,울산서울 1.2위 대결이라 당연히 가야함
408222_8,케케로,23.05.08,1등팀 말고 다른 팀 좋아하는것도 이상하져 ㅋㅋㅋ
408222_9,"김민재(나폴리,28)",23.05.08,제발 서울이 한건해줘라
408222_10,K리그가 미래다,23.05.09,이야 빅매치네요 ㄷㄷㄷㄷ울산 2만관중 또 찍겠네~
406889_2,David Villa,23.05.05,직관이 답임
406889_3,한걸음씩,23.05.05,관중 많은 경기마다 오히려 못하던게혹시 긴장해서 그런가 싶기도 하던데..극복이 된건가 싶기도..
406889_4,호다다다닥,23.05.05,ㅁㅈㅁㅈ
406889_5,달려라거북이,23.05.05,매 경기 관중이 많음 요즘은
406403_2,우주,23.05.05,네 공중파요
406403_3,마이너스템포,23.05.05,Kbs2에욤
406305_4,최아린,23.05.05,비는 전국에 다 와요...
406305_6,"김민재(나폴리,28)",23.05.05,쌍욕나올까봐 미리 피하심
406263_2,이지금아이유,23.05.05,비땜에 ㅜㅜ
406066_3,음교수2,23.05.03,5월 20일은 이인환 깍쟁이 둘중 한명이겠군요
406066_4,킹덤 왕기,23.05.04,3울산 ㄷㄷㄷ
406066_5,이진,23.05.04,광주… ㅎㄷㄷ
405979_3,HYNN박혜원,23.05.03,오
405979_4,김윤주,23.05.03,와우
405979_5,이나마,23.05.03,큰거오네 ㄷㄷ
405979_6,Mita,23.05.03,주멘이 좋아하는 소준일 이상윤 조합
405979_7,호다다다닥,23.05.03,
405979_8,뚝배기,23.05.03,조합 좋구만
405979_9,Leno,23.05.03,스카이스포츠도 미쳤네요
405979_10,이지금아이유,23.05.03,비와서 프리뷰 어찌하려나 ㅜㅜ
403821_2,음교수2,23.04.29,4월인가 3월인가 그때도 중간에 한번 쉰적이 있긴합니다.
403821_3,낚시왕아디,23.04.29,어린이날에 집중하려다보니 그런거 아닐까요? 제작진 업무량도 한계가 있을테니…
401036_2,NMIXX설윤,23.04.22,만세
401036_3,다현,23.04.22,귀여워ㅋㅋ
401036_4,I’d rather be ashes than dust,23.04.22,넘 이쁘다
401036_5,No.25 한찬희,23.04.22,어린이날 맞춤 게스트!!
401036_7,마이너스템포,23.04.22,ㅋㅋㅋㅋㅋ
401036_8,육아메시지성박,23.04.22,ㅋㅋㅋㅋㅋㅋㅋㅋ
401034_2,NMIXX설윤,23.04.22,이건크다
401034_3,이진,23.04.22,예솔이 ㅋㅋ
401034_4,다이나믹피치,23.04.22,더 즐로리  ㅎㅎ
401034_5,미니언즈,23.04.22,10라운드는 건너 뛰나 보네요?
401034_6,펠라이니 니가 사람 팰 나이니,23.04.22,ㅋㅋㅋㅋㅋㅋ이열
401030_2,고두심,23.04.22,ㅋㅋㅋㅋㅋ 귀야워!!!
401030_3,NMIXX설윤,23.04.22,ㅋㅋㅋ
401030_4,추달,23.04.22,와 ㅎㅎ
401030_5,캐스커,23.04.22,와 ㄷㄷㄷ
401030_6,다현,23.04.22,오ㅋㅋㅋㅋㅋ
401030_7,RedDevils,23.04.22,오 ㅋㅋㅋ
401030_8,기생오라비같은 락싸,23.04.22,ㅋㅋㅋㅋ
401030_9,Andrea Pirlo 21,23.04.22,오 ㅋㅋㅋㅋ
401030_10,아이린,23.04.22,와
401030_11,No.25 한찬희,23.04.22,오오
400973_2,고두심,23.04.22,민지쿤
400547_2,하얀마음백구,23.04.22,쿠플픽 나중에 다시보기 되나용?
400547_3,이지금아이유,23.04.22,가능해욧
400480_2,신해철,23.04.22,아무래도 수도권이다 보니
400480_5,엄지공주 오무지,23.04.22,지방도 안했던 건 아니긴 한데 아무래도..
400480_3,Master KI,23.04.22,예전만 못하다는 얘기 한 7년째 듣고 있는데 그래도 매번 흥행...ㅋㅋㅋㅋㅋ
400480_4,H_Crespo,23.04.22,욕하면서 보는 슈매
400480_6,카카오 이모티콘,23.04.22,다른 라운드에 배정되었다면 더 좋었을거 같아요
400480_8,포항아처,23.04.22,왜 같은 라운드에 몰아둔 건지..
400480_9,No.25 한찬희,23.04.22,같은 라운드에 묶은 게 실책인 듯.세리에처럼 아예 더비매치는 같은라운드에 묶이지 못하게 해야함
400480_10,빌 게이츠,23.04.22,같은 라운드라는게 아쉽죠 ㅠ 우리도 중요한 매치는 안겹치게 해야되는데 보면 한 라운드에 다 몰아넣는 느낌이에요....
400480_11,King of asia ULSAN,23.04.22,울산 너무 많이했어요
400480_12,라이언킹,23.04.29,의외
400357_3,시그니엘,23.04.20,울산같은 챔피언팀이면 좋겠다가도 어느분 말처럼 리그중 한팀이 저경기를 한다는것도 부담일거라 생각이들어서 걍 올스타팀
400357_4,본채만채홍은채,23.04.20,특정팀에게 기회를 줄 수는 없으니팀K리그로 나가는거에 대해서는 뭐라 할 말은 없는데....하 참 애매하네요....;;
400357_5,울산현대호랑이축구단,23.04.20,"쿠플컵 지속한다는 관점으로 접근해서K리그 우승팀, Fa우승팀, 해외초청 2팀토너먼트로 상금걸고 대회 개최하는 건 어떨지 싶네요 ㅋㅋ"
400357_6,이나마,23.04.20,찬성이요
400357_7,박준우,23.04.20,저는 반대 꼭 상암을 사용해야 겠다면 k리그 우승팀에게도 초청비를 지급하고 쿠팡측에서 경기장을 대관해서 컵대회 식으로 개최하는 방법도 있을텐데 아쉽죠
400357_8,BANDO,23.04.20,지난 시즌처럼 일정 개판치는거만 아니면 굳이 반대까지는 하고 싶지 않음
400357_9,고우림,23.04.20,저도 일정 문제가 크다고 생각해서.. 팀K리그든 구단 대 구단으로 하든 상관하지 않습니다.
400357_10,22.고종수,23.04.20,팀EPL 초청하면 찬성
400357_11,안철수,23.04.20,쿠팡 돈으로 부르는건데 단일팀일 필요가 없다고 생각합니다
400357_12,총알로벤,23.04.22,쿠팡입장서보면 조규성 조현우 기성용 등 전국구 스타들이 모여야 흥행성이 더 있기에 k리그올스타를 원할것 같네요
400336_2,3LungPark,23.04.20,ㄷㄷㄷㄷㄷㄷ 온다 펩의 과르디올라 ㄷㄷ
400336_3,Evan,23.04.20,둘다 이강인 이랑 관계있네. 이적하고 한국 오면 인기 엄청날듯
400336_4,소녀시대 윤아,23.04.20,ㄷㄷㄷㄷㄷㄷㄷㄷㄷ
400336_6,씨드는커엽드,23.04.20,늑대는?
400336_7,No.1,23.04.20,경기장에서 또 대~한민국 이 울려퍼지겠구나
400336_8,육아메시지성박,23.04.20,와우!!!
400336_9,정휘인,23.04.20,팀k리그 너무 별론데..
400336_11,fayewong,23.04.20,기자회견때 이강인 영입에 대해 물어본다 분명히 ㅋㅋㅋㅋㅋㅋㅋ
400336_12,I’d rather be ashes than dust,23.04.20,더더더더 오자 아스날 한번 와주면 안될까?
400336_13,추달,23.04.20,울브스는 결렬된건가
400336_14,디지몬,23.04.20,아니 제발 팀 K리그 하지마라고 각 팀별로 나가라고
400336_15,바세린로션,23.04.20,또 팀 K리그..............
400336_16,다현,23.04.20,와ㄷㄷ
400191_2,도래,23.04.19,
400191_3,더범,23.04.19,"practice)Please well go, Please well goOnly just one word ~Please well go, Please well goI had say goodbye ~"
400191_6,캐스커작성자 본인 여부작성자,23.04.19,주최자 마음이겠죠? ㅎㅎ
400191_7,빗속의 노란물결,23.04.19,돈은 쿠팡이 지불하는건데
400191_10,MyLiFⓔotball,23.04.19,쿠팡맘이죠ㅋㅋㅋ 우승팀이 꼭 경기하리란법도 없죠 그냥 케리그팀들도 참가팀일뿐 어떠한 권리도 없음ㅋㅋ 그냥 쿠팡이 판 깔아주면 참여하는거
400191_13,케케로,23.04.19,방구석1열토트넘때도 케이리그 팬 좌석 따로 확보해뒀어요
400191_9,MyLiFⓔotball,23.04.19,결국 한다해도 쿠팡플에 원하는 팀 + 원하는 장소에서 하는거죠뭐ㅋㅋㅋㅋ 뭐라도 해주면 감사
400191_11,이나마,23.04.19,그쳐 뭐라도 해주면 감사하죠
400191_12,빅맥,23.04.19,초창기 피스컵이 딱 좋은 모델이었는데
400080_2,안드레아피를로,23.04.18,"대전 저번시즌 오프더피치랑 승격다큐보면지금 성적이 괜히 좋은게 아니라는게 보이죠. 구단,감독,선수,팬 진짜 팀이름처럼 하나된게 보임.."
400080_3,Enzo Fernandez,23.04.18,쿠플 승격은 진짜 고퀄오프더피치도 퀄 너무 좋음
399965_1,No.1,23.04.17,올스타 아니고 단일팀 하나라고 어디선가 들었던것 같은데
399965_2,No.25 한찬희,23.04.17,K리그 올스타에 집착하지 말라고 진짜
399965_3,성남의아들 황의조,23.04.17,올스타는 진짜 별론데 흠
399965_4,포항아처,23.04.17,다른팀 더 초청해서 자기들끼리 붙으라 하면 안 되나 ㅋㅋ 올스타에 집착하는 거 진짜 별론데
399965_5,대구강윤성,23.04.17,"그냥 울산, 대전에서 각각 울산이랑 대전이랑 붙으면 좋겠다. 차이가 얼마나 날지 궁금. 예전 맨유 대 서울만큼 날려나"
399965_6,이관우,23.04.17,작년에도 시작전엔 욕많이먹었는데 괜찮지않았나요? 저도 올스타부정적입장이었는데 작년보니 괜찮다란 생각도했어요
399965_7,이나마,23.04.17,갓팡
399965_8,FC서울레전드황의조,23.04.17,하아 진짜 올스타는 무슨 올스타 진짜 구시대적이다...
399965_9,대전주주,23.04.17,대전에 들려서 성심당 튀소는 어떤가ㅋㅋㅋ
399965_10,빈살만,23.04.18,팀k리그좀 제발 하지말라고 연맹은 팬들 반응같은건 아예안보나..?
399535_1,유고사,23.04.16,캐스터분 겁나 잘함
399535_4,레오빠드작성자 본인 여부작성자,23.04.16,이조합 또 기대되네요
399535_2,강민경,23.04.16,야구 전문이긴 하지만 짬밥이 있어서 축구도 괜찮게 하는듯
399535_3,레오빠드작성자 본인 여부작성자,23.04.16,신선했어요.
399524_1,그무언가,23.04.16,ㅋㅋㅋㅋㅋ
399524_2,NMIXX설윤,23.04.16,ㅋㅋㅋ
399524_3,내레이,23.04.16,ㄷㄷㅎㅎ
399524_4,Master KI,23.04.16,GOAT
399524_5,RedDevils,23.04.16,ㅋㅋㅋㅋ
399524_6,다현,23.04.16,ㅋㅋㅋㅋㅋㅋ
399524_7,헌신적인악마,23.04.16,ㅋㅋㅋㅁㅊ
399524_8,No.25 한찬희,23.04.16,ㅋㅋㅋㅋㅋㅋㅋ
399524_9,다이나믹피치,23.04.16,아놔 ㅎㅎㅎ
399524_10,"shunske,boucha,fettouhi",23.04.17,성남팬 시청 금지
399523_1,NMIXX설윤,23.04.16,ㄷㄷㄷ
399523_2,다현,23.04.16,ㅋㅋㅋㅋㅋㅋ
399523_3,님강등당해요조심,23.04.16,ㅋㅋㅋㅋㅋㅋㅋㅋ
399523_5,이지금아이유,23.04.16,ㅋㅋㅋㅋㅋ 기대되네
399224_1,주바페,23.04.16,아무래도 재밌을 경기를 픽해서 하는지라ㅋㅋ
399224_2,new balance,23.04.16,ㅋㅋㅋㅋㅋㅋ 쿠플픽 고르는 PD라고 해야 그 사람이 안목이 좋은 듯. ㅋㅋㅋ
399225_1,맞춤법 봇,23.04.16,쿠팡플레이에서 라운드별로 특별히 선택해서 따로 구성하는 경기
399225_2,호다다다닥,23.04.16,쿠팡 플레이에서 특별 중계 결정한 경기요
399225_3,성남의아들 황의조,23.04.16,"참고로 이 경기만 카메라, 해설진이 티비중계랑 다릅니다 (쿠팡플레이에서 시청 가능)"
398933_1,Enzo Fernandez,23.04.16,ㅋㅋㅋㅋ
398933_2,육아메시지성박,23.04.16,ㅋㅋㅋㅋㅋㅋㅋ가볍게 헤드셋 써 주시는 ㅋㅋㅋㅋㅋ
398933_3,K pop아니고 k league,23.04.16,ㅋㅋㅋㅋ
398933_4,NMIXX설윤,23.04.16,
398775_1,NMIXX설윤,23.04.15,힘내라
396373_1,캐스커,23.04.08,유튜브로도 제공되니까 접근성은 나쁘지 않아요 어차피 야구 안 보니
396373_2,미니언즈,23.04.08,"원래도 하이라이트를 잘 찾아보진 않긴 한데, 유튜브에도 올라오니까 네이버나 다음 시절에 비해 크게 불편함은 없는거 같아요"
396373_3,빈살만,23.04.08,전 골장면이런거 볼때는 네이버있을때보다 더 불편하긴함 네이버처럼 바로바로올라오는것도아니고
396373_5,빗속의 노란물결,23.04.08,뉴스는 네이버로 보는데 동영상은 유투브로보니까 구독해놓으면 불편한건 없더라구요... 물론 네이버에 2분하이라이트정도는 올라왔으면 하는건 있음 ㅋㅋ
396373_6,이관우,23.04.08,애기르다보니 하이라이트 주로보는데 조금불편하긴하죠.네이버에선 하이라이트보고 일정 순위 다확인했는데 쿠플은 조금 찾아보기가 힘듦ㅜ 그래도 쿠플이 중계퀄리트는 좋아서 만족
396373_7,이고르,23.04.08,원래도 유튭으로봐서..
396373_8,안녕하이루,23.04.08,네이버는 매번광고떠서 잘안봤어요
396373_9,이나마,23.04.08,네이버 어느순간부터 조잡하게 떠서 유튜브가 더 나아요
396373_10,대전하나FC,23.04.08,네이버 이용하는 사람이 제일 많긴한건 사실이니 ~ 글쓴이님 같은 팬들은 다 날리는거죠 ~ 아무리 쿠플로본다 우튭으로 본다고 해도 제일 라이트하고 대중적인 네이버 보는 사람이 제일 많은건 사실이니까요 ~ 빅팬들에게는 똑같으니 라이트팬들에게는 큰문제일거라고 봐요
396373_11,추파춥스,23.04.08,유튜브
396373_12,라임은나임,23.04.09,유튭으로 봐여
396143_1,병글,23.04.08,사실 최대 수혜자는 쿠플일 듯 ㅋㅋ
396143_2,I’d rather be ashes than dust,23.04.08,하프타임 공연때문에라도 가입자 꽤나 있엇을
396143_3,허창수,23.04.08,쿠팡사용 어머니들 엄청가입했을듯
396143_4,더범,23.04.08,갓팡
395861_1,더범,23.04.08,역시 갓팡
395782_1,Leno,23.04.08,아 진짜요?? 쿠플은 몇번 나왔는데화면을 같은거 쓰는게 아닌가봐요?
395782_2,아시아의호랑이작성자 본인 여부작성자,23.04.08,네..저 티비로 보고있어요 ㅠ
395782_3,빌 게이츠,23.04.08,쿠플 영웅코인 ㄷㄷ
395782_5,아시아의호랑이작성자 본인 여부작성자,23.04.08,가입자 늘으는 소리가 여기까지
395618_1,아우한,23.04.08,너무 웃겨요 ㅠㅋㅋ
395543_1,미니언즈,23.04.08,억지로 하시는줄 알았는데 그동안 억제 당하고 계셨네요 ㅋㅋㅋㅋ
395540_1,이나마,23.04.08,너무 행복해 보이심 ㅋㅋ
395540_2,미니언즈,23.04.08,어려워 하실 줄 알았는데 즐기셔서 보기 좋네요 ㅋㅋㅋ
395515_1,아우한,23.04.08,웃겨 죽는줄 ㅠㅋㅋㅋ ㅋㅋㅋㅋㅋㅋㅋㅋㅋㅋㅋㅋㅋㅋㅋㅋㅋㅋㅋㅋㅋㅋㅋㅋㅋㅋㅋㅋㅋㅋㅋㅋㅋㅋㅋㅋㅋㅋㅋㅋㅋㅋㅋㅋㅋㅋㅋㅋㅋㅋㅋ
395439_1,금새록,23.04.08,pc로는 오른쪽위에 있어요.
395439_2,우왁굿작성자 본인 여부작성자,23.04.08,tv로는 안나와요
395433_1,Leno,23.04.08,앗 두개 켜야하나 바쁘다 바빠 현대사회
395212_1,총알로벤,23.04.08,잼나겠다 ㅋㅋㅋㅋㅋㅋㅋㅋ
395212_2,이나마,23.04.08,대박 ㅋㅋ 개인기 엄청하겟네
395212_3,한라산자락,23.04.08,와.. 박종윤과 권혁수 조합 상상이 안되네
395212_4,거인캠핑RC,23.04.08,ㄷㄷㄷ
395212_5,더범,23.04.08,ㅋㅋㅋㅋㅋ
395212_6,JhmArsFcbJuv,23.04.08,으엌ㅋㅋㅋㅋㅋ
395212_7,헌신적인악마,23.04.08,축제네 ㅋㅋ
395212_9,육아메시지성박,23.04.08,ㅋㅋㅋㅋㅋㅋㅋㅋㅋㅋ대박
395212_10,나우푸드,23.04.08,여기도 좋고 스카이스포츠도 이상윤이던데 ㅋㅋㅋㅋㅋㅋ
395212_11,뭐라고하지,23.04.08,뭔가 다음 게스트는 김민교일것 같음ㅋㅋㅋㅋ
395212_13,대구강윤성,23.04.08,신동엽 나오면 대박인데 ㅋㅋㅋ
395212_12,추달,23.04.08,ㅋㅋㅋㅋ
395212_14,추달,23.04.08,인스타 핫플 카페 사장 해줬으면 좋겠다ㅋㅋ
395212_15,다현,23.04.08,ㅋㅋㅋㅋㅋㅋㅋ
395212_16,우상향,23.04.08,ㅋㅋㅋㅋㅋ
395210_1,기분이 그래서,23.04.08,ㅋㅋㅋㅋㅋㅋㅋ
395210_2,더범,23.04.08,ㅋㅋㅋㅋㅋ
395210_3,삼색이,23.04.08,ㅋㅋㅋㅋㅋ
395068_1,No.25 한찬희,23.04.05,하프타임 때라도 ㅠㅠ
395068_2,육아메시지성박,23.04.05,그라고보니 이번에는 아무도 없던데 말이죠
395062_1,No.25 한찬희,23.04.05,거를 타선 없네요 진짜전 직관이라 다시보기로는 쿠플픽 캐스터진으로 봐야겠네요
395062_2,대구강윤성작성자 본인 여부작성자,23.04.05,진짜 이마양 트리오를 보는 거 같네요 ㄷㄷ
395062_3,이지금아이유,23.04.05,웅-장
395062_5,대구강윤성작성자 본인 여부작성자,23.04.05,근tothe본
395062_4,구너공룡,23.04.05,캐스터 섭외 어렵다더니 번개맨까지 갔구나ㅋㅋㅋㅋ
395062_6,다이나믹피치,23.04.05,우와 갓준희&번개맨 중계조합이라니 ㅎㄷㄷ
395062_7,포 항,23.04.05,막줄... ㅜㅜ
395062_10,대구강윤성작성자 본인 여부작성자,23.04.05,ㅜㅜ
395062_8,JhmArsFcbJuv,23.04.05,막줄떔에 추천박음
395062_9,대구강윤성작성자 본인 여부작성자,23.04.05,사랑합니다
395060_22,K리그가 미래다,23.04.05,오호~~박종윤 한준희 조합 ~~
395060_23,문오빠,23.04.05,상암에 중계석은 어디예요? 갈때마다 어딘지 모르겠돈데
395060_24,주바페,23.04.05,둘 다 듣고 싶다ㅋㅋㅋㅋ
395060_1,deleson,23.04.05,올 깍종윤
395060_2,비오는날,23.04.05,캐스터들이 저날 다 스케줄이 안되서 못할뻔한걸로 아는데..한준희 박종윤 조합이 되는 계기가 됐네요ㅋㅋ오히려 좋아ㅋ
395060_3,오싹과송유걸,23.04.05,귀하다~
395060_4,육아메시지성박,23.04.05,오랜만에 중계하네
395060_5,님강등당해요조심,23.04.05,쿠플픽 게스트 누구일지 ㅋㅋㅋ
395060_21,다이나믹피치,23.04.05,설마 임영웅씨 ㅎㅎ
395060_6,"Xavi, Gavi",23.04.05,오옷!!! 원정가는데 개꿀
395060_7,키미 라이코넨,23.04.05,용검신 발로란트 중계하시나
395060_8,성남의아들 황의조,23.04.05,오 ㄷㄷㄷ
395060_9,불불불덩이야,23.04.05,와 씨 깍종윤!!!!!!
395060_10,불불불덩이야,23.04.05,쿠플 !!!
395060_11,포항스틸러스,23.04.05,깍쟁이 목 좀 아끼고 잘해
395060_12,Inter,23.04.05,괜찮네
395060_13,더범,23.04.05,역시 갓팡
395060_14,Leno,23.04.05,ㅋㅋㅋㅋㅋㅋ 와 스카이스포츠는 이상윤이네요양쪽 다 라인업 미쳤다
395060_15,귀여운마스카,23.04.05,오 마음에 들어~ 경기만 잘하자 대구야
395060_17,대구강윤성,23.04.05,와 ㄷㄷㄷㄷ
395060_18,인텔,23.04.05,오히려 좋아
395060_19,다현,23.04.05,오호ㅋㅋㅋ
395060_20,킹덤 왕기,23.04.05,엥간하면 JTBC가 서울 중계해서 좀 그랬는데 깍쟁이ㅅㅅㅅㅅㅅ소준일 캐스터도 굿굿
394992_1,JhmArsFcbJuv,23.04.04,자체 컨텐츠
394992_3,어떤오후작성자 본인 여부작성자,23.04.04,감사합니다!
394992_2,즐라탕,23.04.04,저번 수원 강원전에  하프타임 1~4라운드 골장면 보여주다가 빅버드 하프타임 공연 입니다 하고 잠깐보여주고  다시 골장면 보여줬어요
394992_4,어떤오후작성자 본인 여부작성자,23.04.04,오 그렇군요 ㅎㅎ감사합니다
394812_19,육아메시지성박,23.04.03,굿 초이스!!!
394812_21,피난민,23.04.03,아주 좋은 그림이 나오죠.전북 경기는 뭐 여전히 엉망일테니 적시에 잘 바꾼 겁니다.
394812_23,다이나믹피치,23.04.03,K리그 쇼케이스 ㄱㄱ
394812_1,다현,23.04.03,임영웅은 못참지ㅋㅋ
394812_2,마정신챙기라,23.04.03,원래 어디엿나요?
394812_5,덴리작성자 본인 여부작성자,23.04.03,전북 인천 ㄷㄷ
394812_3,이지금아이유,23.04.03,쿠플도 임영웅버프 받나
394812_4,민트히메♥,23.04.03,우리팀 아니었던거 같은데
394812_6,WazzaRooney10,23.04.03,임영웅이면 바꿔야지 ㅋㅋ
394812_7,Leno,23.04.03,이건 무조건 해야죠 ㅋㅋㅋㅋㅋㅋㅋ
394812_8,묘느리미나리,23.04.03,원래 아니긴 했음ㅋㅋㅋ
394812_9,인텔,23.04.03,이걸 바꾸네 ㄷㄷㄷ
394812_10,나난나,23.04.03,쿠플픽 선택잘했네 ㅋㅋ
394812_11,더범,23.04.03,와! 임영웅 + 쿠플픽이라니
394812_12,포항⭐샤비토비치,23.04.03,어제 같은 전주성 분위기면...
394812_13,fromis_9 장규리,23.04.03,임영웅이면 무조건
394812_20,Be FEARLESS,23.04.03,이거네요 ㄷㄷㄷㄷㄷ
394812_22,다이나믹피치,23.04.03,222 대박
394812_15,폴포그바,23.04.03,임영웅 시축하나보네 ㅋㅋㅋ
394812_18,이병근나가세요조유리,23.04.03,넵 그래서 난리났죠 저번주에 ㅋㅋㅋㅋㅋㅋ
394812_16,JhmArsFcbJuv,23.04.03,전주성 분위기 시망인데 잘바꾼듯... 평소라면 분노하겠지만 이번은 그러려니...
394812_17,I’d rather be ashes than dust,23.04.03,난리났다
394252_1,다현,23.04.02,대전서울
394252_2,우순실,23.04.02,네임벨류는 전북 포항 이네요
394252_3,제라툴,23.04.02,전북 포항
394252_4,돌고래 조아하는 김채원,23.04.02,전 포
394252_5,울산현대호랑이축구단,23.04.02,대전 서울
394252_6,이지금아이유,23.04.02,전포
394198_1,와트슨,23.04.02,쿠플픽 전북 인천입니다
394160_1,티타임,23.04.01,헐 ㅋㅋ 뭔가.. 이슈가 있긴 있는 팀들이네요
394160_3,마이너스템포,23.04.01,용검이형 아직도 어색하네ㅋㅋㅋ
394160_4,JhmArsFcbJuv,23.04.01,전주성 분위기 폭발 직전의 싸함일텐데 쿠플중계 어떨지...
394160_5,NMIXX설윤,23.04.01,
394160_6,인천서포터즈,23.04.01,이럴때 상대한테 자신감 챙겨주고 승점도 챙겨주는게 인천 스타일이라....
394160_7,다이나믹피치,23.04.01,"대구,광주 홈경기도 해주면 좋을텐데요 ㅠㅠ"
394160_8,몽쉘몽,23.04.01,하는팀만 하는듯
394160_9,Clarence Seedorf,23.04.01,전북이랑 하네이기자 ㅠㅠ ……
394160_10,박종윤팬,23.04.01,서울 대구로 변경됨요 캐스터는 미정
394160_12,No.25 한찬희,23.04.01,정반대 아닌가요?? 원래 서울 대구 예정이었는데 캐스터들 다 스케줄이 안된대서 다음날 전북 인천경기 한다고 들었는데요?
394160_13,박종윤팬,23.04.01,No.25 한찬희아 그런가요? 전 히풋금요부에서 들은거라
394160_14,No.25 한찬희,23.04.01,박종윤팬저도 히풋 금요부에서 들었어가지고요 ㅎㅎ
394160_15,박종윤팬,23.04.01,No.25 한찬희그렇군요 제가 듣다 말았나봐요ㅋㅋ
394160_11,케로로,23.04.01,
394160_16,허창수,23.04.01,원정팀이 승률이 왜 넘 높다
393047_1,JhmArsFcbJuv,23.04.01,없다더라구요
393047_2,맞춤법 봇작성자 본인 여부작성자,23.04.01,쉬어가는군요…!
392902_1,이지금아이유,23.03.31,대구도 해줘 ㅠㅠ
392902_2,다이나믹피치,23.03.31,대구나 광주하면 좋을텐데요ㅜㅜ
392902_3,라이언킹,23.03.31,배성재 아나 빠졌나보군요
392902_5,Royal_Black☆SFC,23.03.31,배성재는 전속이 아니라 그런 듯. 연맹 중계진이기도 해서.
392902_4,추달,23.03.31,5라운드는 왜 안하지?
392902_6,Royal_Black☆SFC,23.03.31,대표팀 주간이라 그 쪽으로 간 듯?
392307_1,NMIXX설윤,23.03.24,
392307_2,우주,23.03.24,헐 몰랐쉼오늘 티비로 보는 중이라
391599_1,공공칠빵으악,23.03.19,배성재 u20은 하던데 스케줄이 안맞는것같아요
391599_2,포항스틸러스,23.03.19,스카이스포츠가 우선인듯
391599_3,Royal_Black☆SFC,23.03.19,전속이 아니라서
391599_4,엄지공주 오무지,23.03.19,스카이만 할때도 자주 결장하심 워낙 인기인이니 불려주는 스케줄이 많겠죠
391599_6,역전골,23.03.19,바빠서
391599_7,Be FEARLESS,23.03.19,같은 기간에 골때녀 하고 AFC U-20 티비엔가서 하고 MBC 세치혀 예능하고 겁내 바쁠껄요프리 아나운서중에서도 상급으로 잘나가는 중이라
391599_8,나난나,23.03.19,근본은 축구중계하고 싶어서 프리선언한거니까 축구중계 집중하겠죠
391599_9,챙이챙이,23.03.19,월드컵때도 카타르에서 중계하고 다음날 무슨 경기였지?국내경기 중계하고 다음날 다시 카타르가서 중계하고 있던데가능한 일정인지 국내방송이 녹화방송이었는지 모르겠는데미친일정이로 살아가는구나 싶었음..
390891_2,짐느작성자 본인 여부작성자,23.03.19,넵 어제 첫결제해서 쿠플픽 보는데 재밌네요ㅋㅋ
390891_3,대전황인범,23.03.19,화질 좋아유 기달려보세용
390891_4,짐느작성자 본인 여부작성자,23.03.19,넵ㅋㅋ대전경기보려고 켰습니당ㅋㅋ
390839_1,기생오라비같은 락싸,23.03.19,린쟈오밍
390839_2,더범,23.03.19,ㅋㅋㅋㅋㅋ
390839_3,Sososo,23.03.19,린쟈오밍
390839_4,차범근,23.03.19,더 글로리 노노더 칼로리ㅋㅋㅋ
390532_1,덴리,23.03.18,피씨는 나오는데 폰은 안나보나봐요
390532_2,Nike,23.03.18,저만 그런게 아니었군요?
390532_3,민트히메♥,23.03.18,아니요ㅠㅠㅠㅠ
390532_4,Clarence Seedorf,23.03.18,잘나와여 티비 ㅣ
390532_5,강원오렌지.,23.03.18,어플에서 잘되요
390117_1,박종윤팬,23.03.18,수-대
390117_2,이연걸의 탈춤작성자 본인 여부작성자,23.03.18,내일이군요 ㄱㅅㄱㅅ
390062_4,신해철,23.03.17,"오래전 대전은 이상하게 수원만 만나면 피똥쌀것처럼 엄청나게 뛰었죠.그래서 경기가 항상 과열,치열"
390062_5,hhlkah,23.03.17,ㅇㅇ 대전 한창 안좋던 때에도 요상하게 수원하고는 대등했었죠. 심지어 그 당시 수원은 레알수원 시절이였는데 ㅋㅋㅋ
390062_6,정휘인작성자 본인 여부작성자,23.03.17,호오 아직 k리그입문 2년차라 몰랐네요 ㄷㄷ
390062_7,사람은 꿈을 두 번 꾼다,23.03.17,클래시컬한 라이벌이죠 오랜만이네여
390062_8,장석환,23.03.17,마이클킴 전소속팀이 궁금해서?
390062_9,stan,23.03.17,내 기억으론 이관우이적부터 시작한 거 같은데 그때 만큼 또 지금은 세월이 많이 흘러서...
390062_10,수원의지지자★,23.03.17,그전부터 임ㅋㅋㅋ 종합시절에도 서포터들끼리 각목 파이프 들고 패싸움함ㅋㅋㅋ
390062_11,대전하나FC,23.03.17,"저 2개의 걸개건날, 쇠파이프들고 싸운날, 파란색 생닭이 나뒹군날 모두 경기장에서 직관한날 ㄷㄷㄷㄷ 오랜만이네요 수원삼성"
389980_1,호다다다닥,23.03.15,재미 없어도 좋으니 첫승 가길 ㅠ.ㅠ
389980_2,채화작성자 본인 여부작성자,23.03.15,제발.......ㅠㅠ
389980_3,호다다다닥,23.03.15,채화작년 승강플옵때 떨면서 봤던거 생각하면 치가 떨려요
389980_4,수원삼성조유리,23.03.15,호다다다닥올해는 좋은의미론 안봤으면 좋겠지만나쁜 의미로 안볼 수도 있을거 같음요 ㅜㅠ…
389980_6,호다다다닥,23.03.15,수원삼성조유리
389980_9,발치기,23.03.15,제발 첫승 ㅠ.ㅠ
389980_7,통수볼,23.03.15,ㄷㄷㄷ
389980_8,채화작성자 본인 여부작성자,23.03.15,ㄷㄷㄷㄷㄷ
389980_10,더범,23.03.15,이번에도 맑눈광 오려나?
389980_12,JhmArsFcbJuv,23.03.16,더클로리 이수지 확정여
389980_11,라임은나임,23.03.15,대전 이기자!
389503_1,하나로마트,23.03.12,클로리 ㅋㅋ
389503_2,삼색이,23.03.12,ㅋㅋㅋㅋㅋ
389503_3,육아메시지성박,23.03.12,헛!!!!!!
389503_4,나난나,23.03.12,쿠팡 제대로 하네 ㅋㅋ snl 크루 다 나올듯
389503_5,기생오라비같은 락싸,23.03.12,ㅋㅋㅋㅋㅋㅋㅋㅋㅋㅋㅋ
389503_6,이진,23.03.12,재밋네요 ㅋㅋ 쿠팡가고나서 넘 좋아요
389503_7,리윈,23.03.12,쿠팡이라 SNL 크루 잘 나오니 좋네
389503_8,Leno,23.03.12,넘 좋다 ㅋㅋㅋㅋㅋㅋㅋㅋㅋ
389503_10,FCPS,23.03.12,할ㅋㅋㅋㅋㅋ
389503_12,RedDevils,23.03.12,ㅋㅋㅋㅋㅋ
389503_13,캐스커,23.03.12,ㅋㅋㅋㅋㅋㅋㅋ
389503_14,다현,23.03.12,ㅋㅋㅋㅋㅋㅋ
389503_15,NMIXX설윤,23.03.12,
389503_16,안녕제비꽃,23.03.12,ㅋㅋㅋㅋㅋㅋㅋ
389503_17,펭수리수리펭수리,23.03.12,ㅋㅋㅋㅋㅋ재밌다
389503_18,K리그가 미래다,23.03.13,ㅅㅅㅅㅅㅅ
389034_1,엑셀시오르,23.03.12,쿠플 가격 아깝지가 않네요 ㅎㅎㅎㅎ
389034_2,더범,23.03.12,갓팡
389018_2,라페,23.03.12,개막전 단발계약일듯?
389018_3,만수르정식,23.03.12,아마도 티비엔 스포츠 중계
388573_1,숨은민초단2기,23.03.11,저두요 ㅠㅠ
388570_1,커피중독자,23.03.11,전체화면에 가면 팝업 선탹할 수 있러료
388570_3,별 사탕작성자 본인 여부작성자,23.03.11,감사합니다
388570_2,수원블루윙,23.03.11,모바일이면 전체화면 하면 팝업 할 수 있는 버튼 있어요
388570_4,별 사탕작성자 본인 여부작성자,23.03.11,감사합니다
388264_2,더범,23.03.06,기대이상
387773_1,캐스커,23.03.05,ㅋㅋㅋㅋㅋㅋ
387773_2,풋볼셰프,23.03.05,이천수 서언강때 사진이네 ㄷㄷ 스토리 오졌다 ㅋㅋ
387773_4,K리그사랑축구사랑,23.03.05,에프씨서울이 언제부터 강팀이었다고.. 터키감독 하나 와서 그런 소리하는지 모르겠고요. 그러다 큰 코 다칠거라 생각합니다
387773_3,싸리*재,23.03.05,진짜 둘 초대하면 ㅋㅋ
387773_5,골반의 지배자 기성용,23.03.05,뭐여ㅋㅋㅋㅋㅋㅋㅋ
387773_6,다현,23.03.05,ㅋㅋㅋㅋㅋㅋㅋ
387773_7,수원팬,23.03.05,와 ㄷㄷ
387773_8,The theatre of dreams,23.03.05,ㅋㅋㅋㅋㅋㅋㅋ
387767_1,No.25 한찬희,23.03.05,"태석, 승준 아부지 ㄷㄷㄷㄷ"
387767_2,덴리,23.03.05,개꿀잼이겠네ㅋㅋㅋㅋㅋ
387767_3,아닝강,23.03.05,서울이 언제부터 강팀이였다고 한번 해주려나요 ㅋㅋ
387767_4,RedDevils,23.03.05,오 ㄷㄷㄷ
387767_5,NMIXX설윤,23.03.05,
387767_6,더범,23.03.05,골때녀에서겨루지못한매치업을 갓팡이?
387184_1,No.25 한찬희,23.03.05,클리퍼스 경기 해주고 있긴 하지만 그걸로는 너무 아쉬움 ㅎㅎㅎㅎ
386944_1,고두심,23.03.05,넵 4월 22일 슈퍼매치 쿠플픽
386944_2,돌고래 조아하는 김채원,23.03.05,개좋음
386834_1,엑셀시오르,23.03.04,그러게요! 오늘은 티비보다 쿠플이 화질 훨씬 나은듯요 ㅎㅎㅎ
386834_2,K리그가 미래다,23.03.04,이정도 화질이면 불평불만없이 잘 볼수 있지요 ㅋ
386834_3,Ameng,23.03.04,저는 오늘 모자이크급 화질 이었어요 ㅠ
386658_2,양발잡이,23.03.04,현장음도 살려주니 경기가 몰입감 좋음~
386624_2,고두심,23.03.04,저도 네이버 보다 훨씬 보기 편해여 ㅋㅋㅋㅋ
386624_3,춘천약과왕,23.03.04,돈 내고 보느냐 아까워서 타팀경기도 다 봄
386624_4,나난나,23.03.04,맞음 한곳에서 몰아서하니 접근하기 더 편해요
386624_5,돌고래 조아하는 김채원,23.03.04,좋음
386624_6,더범,23.03.04,중간광고 없으니 쾌적
386571_1,광배근,23.03.04,티비중계도 다해줌요 ㅎㅎ
386571_2,이나경,23.03.04,티비는 다해주고 모바일중계가 쿠플 독점
386571_3,김용학,23.03.04,내일은 누구경기해주나요?
386571_4,서우웨이,23.03.04,저도 제이티비시에서 하는줄 모르고 컴으로 켜두고 봄. 다른 티비랑 동시에요.
386049_1,주바페,23.03.04,저는 티비에 있는 쿠플앱으로 보는데 끊김 없이 나와여
386049_2,그무언가작성자 본인 여부작성자,23.03.04,스마트티비는 문제없군요
386004_1,나난나,23.03.04,갓팡 일 제대로하네
385963_1,호다다다닥,23.03.03,에휴 어케 되려나
385963_2,Enzo Fernandez,23.03.03,오 드디어 대전 쿠플픽
385963_3,수원블,23.03.03,수원 하지마 ㅠㅠ
385963_14,채화,23.03.03,무섭 ㄷㄷ
385963_4,이지금아이유,23.03.03,대구도해줘잉
385963_5,돌고래 조아하는 김채원,23.03.03,쿠플픽 경기는 다른 경기랑 뭐가 달라요?
385963_7,돌고래 조아하는 김채원,23.03.03,Vermilion Bird아아아아 ㄷㄷ
385963_20,빗속의 노란물결,23.03.03,카메라도 많고 화질도 좋고
385963_8,최은성,23.03.03,와...1부 오니 대우가 달라지는구나
385963_9,빅리그k,23.03.03,대전이 올라오니 재밋슴
385963_10,건희골넣을건희?,23.03.03,공개처형
385963_11,케쟈,23.03.03,19일 아닌가요?
385963_16,임선비작성자 본인 여부작성자,23.03.03,16일 남았다는 뜻
385963_19,케쟈,23.03.03,임선비앗.. 그렇군요 감삼다
385963_12,K리그가 미래다,23.03.03,대전의 경기를 빨리 보고 싶네요
385963_13,채화,23.03.03,오.........
385963_15,No.25 한찬희,23.03.03,저때 쿠플픽 중계진은 이인환-한준희
385963_17,우주,23.03.03,울산-전북 (울산)전북-수원 (전북)수원-대전 (수원)그럼 4번째 쿠플픽은 대전홈?
385963_18,대전시티즌ID,23.03.03,좋아~
385963_21,런닝맨,23.03.03,3번째는 서울 울산이고 4번째가 수원 대전 아닌가요?
385847_1,"shunske,boucha,fettouhi",23.03.01,혹시 다시보기 할때는 움짤 찍히나요?
385847_2,짐느,23.03.01,빠른속도 움짤 감사합니다
385847_3,No.25 한찬희,23.03.01,오늘도 움짤 감사합니다
385847_4,묘느리미나리,23.03.01,감사합니다~!!
385847_5,RedDevils,23.03.01,
385847_6,PTIK,23.03.01,감사합니다
385847_7,하나로마트,23.03.01,감사합니다
385847_8,다현,23.03.01,
385847_9,Alexis Sanchez,23.03.01,
385847_10,Suwon22love,23.03.01,
385847_11,라장이,23.03.02,청주 화이팅~!!
385847_12,이도,23.03.02,늘 고마워요
385612_1,ManUTD,23.03.01,
385361_1,무제,23.02.27,Fa컵은 협회주관이라 아닐듯요?
385361_3,채화작성자 본인 여부작성자,23.02.27,ㅠㅜ
385361_2,우정잉.,23.02.27,FA컵 접근성이 너무 떨어지던데.. 흠...
385361_4,다현,23.02.27,추후에 공개한다네요
385361_5,채화작성자 본인 여부작성자,23.02.27,제발......
385361_6,"shunske,boucha,fettouhi",23.02.28,작년처럼 유튜브 네이버 다음으로 돌릴거 같습니다
384454_1,뮈로할까,23.02.26,경기만보고 구매는 안하면 되죠 뭐..중계를 여기서만 한다는데 별수 없음..
384454_2,olleeee,23.02.26,근데 쿠플중계 쿠플픽도 생기고 괜찮은듯
384454_3,김아랑,23.02.26,저도요 쿠팡 사실상 일본기업이라고 해서 쇼핑도 쿠팡 탈퇴했고 쿠팡플레이도 일단 가입 안하고 최대로 버텨볼 생각
384454_4,흥민쓰작성자 본인 여부작성자,23.02.26,주말엔 거의 집에서 볼 거 같아서 저도 당분간은 버텨볼 생각입니다~!
384450_2,버츠비,23.02.26,저도 어제 보다가 우연히 봤어요 ㅋㅋㅋ잘 안 보이게 되어있는듯해요 ㅋㅋㅋㅋ
384353_21,덴리,23.02.25,무료로 했을 때도 신규유입이 많았던 건 아니니 별로 상관없는 것 같아요퀄 좋아지면 보고싶은 사람은 결제하겠죠
384353_22,빗속의 노란물결,23.02.25,좀익숙해지면 네이버 뉴스 기사보고 영상이나 하이라트보려고 유튜브로 갈겁니다.
384353_23,쟤시켜 알바,23.02.26,하이라이트 플랫폼은 유튜브에만 올라오면 크게 문제 없다고 봄. 네이버에서 동영상 플랫폼은 비주류임 네이버는 특히 동영상에서 경쟁력이 없음. 더군다나 예전에는 프리미어리그 네이버에서 중계 했을 때에는 사람들이 손흥민이랑 해축 때문에 네이버에서 뭔가 하이라이트 영상 보려는 수요가 있었고 해축과 국축 연계되는 시너지가 있었는데 네이버에서 해축을 더이상 안해주니 그런 시너지도 딱히 없음. 오히려 유튜브를 강화하는게 살길이라고 보네요
384353_24,케케로,23.02.26,오히려 한곳에 집중되는게 맞다고 보네요 솔직히 네이버 다음 하이라이트 ? 어차피 관심있는 사람들이나 보지 뉴비들은 그런거 찾아서 안봄 애초에 차라리 유튜브 알고리즘 타고 보여주는게 맞음 쿠팡도 네이버 다음 하이라이트 뿌릴거면 독점 계약할 이유도 없기도 하고.
384353_27,"shunske,boucha,fettouhi",23.02.26,팟플레이어를 즐겨쓰는 축구팬들에겐 다음에서 나오는 리그 영상들은 굉장히 중요합니다. 뭐 팟플레이어가 유튜브랑 연동이 가능해서 다행이긴한데 단순 하이라이트만 올려 놓고 끝내는 수준이죠  위에 언급했듯이 경기당 각각의 영상들을 디테일하게 나누지 않는다는게 문제... 쿠팡플레이 홈피 플레이어 옵션도 구닥다리 수준이고 산넘어 산임
384353_26,issue,23.02.26,골영상이 네이버때처럼 각각 올라왔으면 좋겠어요
384353_28,심재원 송종국,23.02.26,이 문제는 작년에 쿠팡이 독점 따낸 이후 지속적으로 나온 이야기인데말 나올때마다 머 그냥;;;쉬운 접근성 + 지속적 팬 유입의 이점이 그냥 돈 하나 때문에 다 뭉개진게 아닌가 싶네요뭐든 생존을 위해 다양성을 어느정도는 가져가야 하는데 쿠플 하나만 믿다가 나중에 까딱 잘못되면 그건 누가 책임질건지...
384353_29,수원팬,23.02.26,간단한 검색으로라도 접근이 되야하는데 에휴..
384353_30,King of asia ULSAN,23.02.26,새로운 환경이라 사람들이 받아 들이는게 어려울꺼에요 당장은 힘들지 몰라도 미래를 위해 과감히 도전하는것도 나쁘지 않죠
384353_31,박2000,23.02.26,작년 월드컵16강으로 인해 관중 증가와 관심이 집중되는 타이밍에 쿠팡 계약..이게 득이 될지 해가 될지..
384353_32,비에리스타,23.02.26,"전경기 풀 무료중계를 시작한 시점이 2016년으로 알고 있습니다.점진적으로 유입수가 증가하고 있었긴 했습니다. 특히 2018월컵, 아겜 이후 유입이 증가했고 2019년에 나름 중박이상을 떠트렸죠. 근데 그시기에 딱 코로나가 터지니까 스텝이 어그러진것 같아보입니다.3시즌을 날려먹었으니 연맹 입장에서는 다급하기도 했을겁니다."
384353_1,내집마련,23.02.25,ㅠㅠ불편..
384353_2,주바페,23.02.25,쿠팡플레이 스포츠 유튜브에 하이라이트 올라왔어요
384353_4,KF21 보라매작성자 본인 여부작성자,23.02.25,"유튜브 하이라이트는 알겠는데, 예전 네이버나 다음에서 경기별로 각각의 하이라이트를 제공했던 그런걸 말하는거에요. 뭐 전반 무고사 골, 후반 실점위기, 후반 무고사 멀티골 이런식으로 토막영상들."
384353_15,"shunske,boucha,fettouhi",23.02.25,KF21 보라매특정선수 경기복기 할때 은근히 중요한 역할을 해줬는데 이제는 힘들어졌음
384353_3,I.B.I LUV,23.02.25,유입도 라이트팬들도 잡기  어려운 구조가 되어버린..
384353_5,김아랑,23.02.25,글게요 저도 공감 걱정됨ㅠ
384353_6,Leno,23.02.25,"네이버, 다음 하일라이트는 있어야할거 같은데 ㅠㅠ"
384353_7,대전하나FC,23.02.25,대중성 말아먹은거죠 ~ ㅋㅋㅋ 최악
384353_8,ganadara,23.02.25,저도 공감요
384353_9,오스먼트,23.02.25,더이상의 신규 유입은 힘들거같아요 ㅠㅠ
384353_10,JhmArsFcbJuv,23.02.25,최소한 하이라이트나 골장면은 좀 줘도 되지 않나...
384353_11,몽몽이네,23.02.25,뭐 1년 해보면 답나오겠죠
384353_12,"shunske,boucha,fettouhi",23.02.25,K리그 온라인미디어 사망선고
384353_25,케케로,23.02.26,유튜브 하이라이트 꾸준히 업로드 중이고 구독자 계속 상승중입니다
384353_14,Royal_Black☆SFC,23.02.25,이게 구단들 수입 면에서도 독이 될 가능성도 있어서...
384353_16,강원꽃은 필라,23.02.25,유튭으로는 올라오는데 하이라이트
384353_17,KF21 보라매작성자 본인 여부작성자,23.02.25,그걸 말하는게 아닙니다.
384353_18,강원꽃은 필라,23.02.25,KF21 보라매오늘 하루 경기만 놓고보면네이버 다음으로 중계되던때 관중수와쿠플에서만 중계되는 오늘 관중수만 놓고보면시작은 나쁘지 않다고 생각해요.그동안 넷상 접근성이 오픈되어 있어 쉽게 접하기에  오히려 더 경시하게 생각하지 않았나싶어요.작성자님과 제가 같은 생각일수는 없지만 올 하루만 놓고보면 언론의 집중도?관심은 클것 같네요.
384353_19,new balance,23.02.25,이제 첫경기 했으니까 1년 하는 거 한번 봐야할 듯.
384353_20,라이제르,23.02.25,일본도 젤인기많은 야구는 무료중계라는데 저도 이게맞는건진 모르겠네요
384349_1,무제,23.02.25,지금 떳어요
384349_2,무제,23.02.25,쿠플에서 울산 전북 풀영상 방금 떳어요
384349_3,N석중독자,23.02.25,울산꺼 보시려는 거면스포츠 - 울산전북하이라이트 - 풀영상 있어용
384349_4,세인스,23.02.26,https://www.youtube.com/@CoupangPlaySports/videos
384340_1,빗속의 노란물결,23.02.25,12분짜리는 있네요~
384340_2,Royal_Black☆SFC작성자 본인 여부작성자,23.02.25,전북 울산 말씀이라면 해당 경기가 쿠플픽입니다. 다른 경기 12분짜리는 유튜브에 안 올릴 요량 같음...
384340_3,킹덤 왕기,23.02.25,경기 끝나고 4시간 뒤 오픈으로 해놨나봐요10시 30분쯤에 다른 경기들도 다 올라왔어요
384142_1,문재인대통령,23.02.25,유튜브??
384142_2,King of asia ULSAN,23.02.25,K리그 공식 유튜브 올려줘요
383889_1,주바페,23.02.25,쿠팡픽 아닌 경기는 화면 송출해주는 방송사가 광고 중이니 어쩔 수 없죠.
383665_1,JhmArsFcbJuv,23.02.25,네 준희옹이 전속계약이에요.
383630_1,시드니,23.02.25,확정된건 없는거 같고 팀마다 홈에서 빅매치 있으면 해주는거 같아요
383630_2,JhmArsFcbJuv,23.02.25,다음라운드는 전북 수원이더군요
383630_3,olleeee작성자 본인 여부작성자,23.02.25,오 쿠플픽 일정 어디서 알수 있나요???
383630_4,JhmArsFcbJuv,23.02.25,olleeee그냥 광고 화면중에 본거라서 그 다음꺼까진 모르겠어요
383615_1,NMIXX설윤,23.02.25,하나는 컴퓨터 하나는 티비로
383615_2,JhmArsFcbJuv,23.02.25,쿠플 멀티 안된다더군요. 한경기는 티비로 보시던지 해야함
383615_3,Leno작성자 본인 여부작성자,23.02.25,헐... 티비 케이블 없는데.. 이건 좀 난감하네요
383615_4,JhmArsFcbJuv,23.02.25,Leno멀티 안되는게 쿠플에 제일 아쉬운 점이네요..
383615_5,Mai.K,23.02.25,동시될걸요? 이전부터 컴터 두대로 보는거 가능했는데
383615_6,K리그1평화왕,23.02.25,티비랑 폰 쿠플로 다 켜놨는데 일단 들어가지는데요
383615_7,Leno작성자 본인 여부작성자,23.02.25,오 시도는 해봐야겠네요 감사합니당
383615_8,I’d rather be ashes than dust,23.02.25,헐 쿠플 멀티안되요??
383214_1,주바페,23.02.25,티비 쿠플 앱으로 보는데 안끊기고 잘 나와여
383214_2,Clarence Seedorf,23.02.25,잘나와영
383214_3,유땡,23.02.25,저도 티비로 보는데 안끊겨요!
383214_4,페르세우스,23.02.25,티비로 보는데 화질이 아쉬운거 말고는 끊기거나 하는 문제없어요
383214_5,황예지,23.02.25,초반에 끊겼다가 티비 다시 껏다가 켜니까 잘나오네요
383214_6,백프로,23.02.25,티비 어플로 보는데 하나도 안끊겨요
383178_1,미니언즈,23.02.25,네 그럴꺼에요
383178_2,백프로,23.02.25,아마도 그럴거예요
383165_1,주바페,23.02.25,쿠플픽 경기 외에는 송출만 합니다.
383143_1,Yassine Bounou,23.02.25,이거 쿠플픽만 자체중계라던데 다른 경기를 봐야 알것같아요 ㅋㅋ
383143_2,지나가는 나그네,23.02.25,쿠플픽은 쿠플 자체
383143_3,티타임작성자 본인 여부작성자,23.02.25,오.. 좋네요
383143_4,미니언즈,23.02.25,개인적으로 전체 경기 각도는 큰 차이 없는데 골 넣고나서 비춰주는 장면들은 좀 좋아진거 같아요
383134_2,엑셀시오르,23.02.25,좋네요 ㅎㅎㅎㅎ
383134_3,더범,23.02.25,"잘 잡네요, 엠플스 PD 꿀영입"
382901_1,우왁굿,23.02.25,화질설정 없는거 같아요
382901_2,엄지공주 오무지,23.02.25,원래 없어요
382901_3,님강등당해요조심,23.02.25,인터넷 상황에따라 자동설정되는것 같아요
382901_4,별 사탕작성자 본인 여부작성자,23.02.25,뭔가 화질이 깨지는느낌이
382878_1,차단한 회원이 작성한 게시글입니다.,23.02.25,모바일은 화면이 작아서 그래보이는걸꺼에요 아마
382857_1,우주,23.02.25,경기 시작하니까 인터넷화질 한계가 보이네여중계진 조합때문에 참아야하나 걍 케이블 킬까 고민되는 화질임 ㅋㅋ
382857_2,빈살만,23.02.25,저도 다들 좋다길래 기대했는데 화질 딱히 좋은지모르겠는데..
382804_1,전북★조규성,23.02.25,넘조으네요
382804_2,육아메시지성박,23.02.25,아무래도 첫 시작이니 제발 잘 해주길 바랐는데 이렇게 잘 해줄줄은!!!
382804_3,K리그가 미래다,23.02.25,저는 300프로
382804_4,버츠비,23.02.25,ㄷㄷ뭔가 좋은거 했었나보네요 ㄷㄷㄷ
382804_6,lgxj20,23.02.25,프리뷰쇼한시간전부터하고있어요
382804_5,로또,23.02.25,500프로
382820_1,삼재현,23.02.25,개 미쳤어요 진짜 ㄹㅇ 깔끔
382772_1,Enzo Fernandez,23.02.25,좋네요
382765_1,엑셀시오르,23.02.25,이정도면 대만족!!
382765_2,고두심,23.02.25,프리뷰 대만족 경기 카메라듀 보고싶네요
382765_4,K리그가 미래다,23.02.25,정말 대만족
382765_5,추파춥스,23.02.25,넘나 만족쓰
382739_1,safo,23.02.25,다름
382739_2,TVING,23.02.25,일단 해설이 다릅니다
382739_3,주바페,23.02.25,쿠플픽 매치는 쿠플 자체 제작 중계라 달라요
382739_4,olleeee,23.02.25,쿠플픽 매치만 다른건가요...?
382739_6,주바페,23.02.25,olleeee넹 쿠플픽만 달라요 다른 매치는 그대로 송출
382739_5,우주,23.02.25,쿠팡에서 라운드 당 한 경기는 자체 중계하는 거 같더라구요그 외 경기는 tv를 그대로 송출
382733_1,Groove man,23.02.25,스카이는 작년 하이라이트 중이네요
382732_1,주바페,23.02.25,아ㅋㅋㅋㅋㅋ 그러네요ㅋㅋㅋㅋㅋ
382732_2,NMIXX설윤,23.02.25,ㅋㅋㅋ
382678_1,엄지공주 오무지,23.02.25,뭔가 언급이 남다른 의미가 담긴 닉 ㄷㄷㄷ
382671_1,Enzo Fernandez,23.02.25,ㄷㄷ
382661_1,주바페,23.02.25,저 티비로 보는데 끊김 없어요~
382661_2,엑셀시오르,23.02.25,방금 켰습니다! 화질 굿이네요!
382661_3,황예지작성자 본인 여부작성자,23.02.25,이제 안끊기고 잘 나오네요 ㅎ볼 맛 나네요
382655_1,육아메시지성박,23.02.25,기대한다!!!!
382655_2,더범,23.02.25,
382655_3,미니언즈,23.02.25,하프타임쇼 기대됩니다매번 광고만 흘러나왔는데 과연?!
382655_4,엑셀시오르,23.02.25,기대됩니다!!
382596_1,엑셀시오르,23.02.25,ㅋㅋㅋㅋ 그니깐요. 주말아침부터 설레네요 ㅎㅎㅎ
382596_2,신해철,23.02.25,22222 진심 눈에 1도 안들어옴 ㅋ
382596_3,골반의 지배자 기성용,23.02.25,아오 짜릿해요
382596_4,H_Crespo,23.02.25,다들 따봉
382596_5,그무언가,23.02.25,진짜 개쩜ㅋㅋㅋㅋ 너무나 기다렸습니다
382596_6,채화,23.02.25,꺄 넘 설레어요
382596_7,님강등당해요조심,23.02.25,저도 잠설침 ㅋㅋㅋ
382596_8,Enzo Fernandez,23.02.25,
382596_9,ㅇㅈㅇㅈ,23.02.25,직관ㄱㄱ
382596_10,빈살만,23.02.25,해축은 이제 서브로..
382596_11,미니언즈,23.02.25,공감합니다 ㅋㅋㅋㅋ
382587_1,광배근,23.02.25,쿠플에서 만든건 아니라고 들은거 같네요 ㅎ어쨋든 구입해서 서비스 하는거라도 잘하는거같아요 ㅎㅎ
382587_2,엑셀시오르작성자 본인 여부작성자,23.02.25,아 쿠플제작은 아니였군요? ㅎㅎㅎ 그래도 방영해주는것도 좋네요 ㅎㅎㅎㅎ
382587_3,Fantasista,23.02.25,off the pitch라는 데서 대전구단이랑 협업해서 만들고 쿠팡서 내보내는 거 같더라고요저도 재밌게 봤어요 ㅋ
382587_4,엑셀시오르작성자 본인 여부작성자,23.02.25,아아 ㅎㅎㅎ 그렇군요 ㅎㅎㅎ 올해에는 다른구단들도 이런 협업을 많이 했으면 좋겠네요 ㅎㅎㅎ
382587_6,나난나,23.02.25,오프더피치가 유니폼도 만드는곳 이죠?
382587_8,최은성,23.02.25,나난나거긴 오버더피치
382587_5,수원의푸른별,23.02.25,각 구단별로 다 만들면 좋겠네요ㅠ
382587_7,Enzo Fernandez,23.02.25,꿀잼
382587_9,라임은나임,23.02.25,퀄리티 좋음 ㅋ
382570_1,나난나,23.02.24,와 미쳣다
382570_2,세꿀버리,23.02.24,파울이에요넘어가요잡았어요
382570_3,Be FEARLESS,23.02.24,오프사이드에요올라가요선방이에요가 되겠군요 ㄷㄷㄷㄷ
382570_4,케케로,23.02.25,월드컵 해설 꿀잼이였는데 ㅋㅋㅋ
382570_5,동포청년,23.02.25,와 정용검이 쿠플
382570_6,고두심,23.02.25,조규성의 시즌 5호 홈런!
382570_7,썩은내방구,23.02.25,이분 축구중계는 처음아닌가요? 최강야구보고 찾아봤는데 주로 야구중계아니면 농구중계하셨던데
382570_8,세꿀버리,23.02.25,월드컵
382570_9,엄지공주 오무지작성자 본인 여부작성자,23.02.25,그 해당되는 방송사가 최근에 월드컵 빼면 축구 그 잡채를 안하잖아요 ㅎㅎ원래 캐스터란 분야가 특정 종목 캐스터가 없습니다당장 야구로 유명해진 정우영 캐스터도 축구 많이 해봤었죠
382570_11,Be FEARLESS,23.02.25,엠스플이 해축하던 시기에 이분도 캐스터 좀 했던걸로 기억하네요
382570_16,비에리스타,23.02.25,데뷔를 epl로 했습니다.
382570_10,추달,23.02.25,오 ㄷㄷ
382570_12,나난나,23.02.25,갓팡 돈쓰니 너무좋다 네임드를 데려오다니
382570_13,다현,23.02.25,엌ㅋㅋㅋㅋ좋다ㅋㅋㅋㅋ
382570_14,성남의아들 황의조,23.02.25,와 미쳤다 ㅅㅅㅅ
382570_15,고우림,23.02.25,용검트랙의 주인공ㄷㄷ
382570_17,The theatre of dreams,23.02.25,
382570_18,더범,23.02.25,"내 ₩4,990원이 이렇게 값질수가"
382534_1,사피 알 딘,23.02.24,오늘은 이거다!
382146_1,나난나,23.02.21,생각해보면 쿠팡혜자인거 같아요
382146_2,fayewong,23.02.21,요금만 더 안오르면 괜찮은듯. 쿠팡 무료배송은 덤
382146_3,장석환,23.02.21,어그로 잘하신다ㅋㅋ
382146_4,8thun,23.02.21,매월 4900원에 무배면 남는 장사입니다
382146_5,총알로벤,23.02.21,저도 쿠팡회원은 무료인거 얼마전알아 아내덕분에 깔았네요 snl 재밌게 보고있어요 ㅋㅋ
382146_6,K리그가 미래다,23.02.22,저도 와이프가 이미 가입해서 쓰고 있어서K리그는 덤으로 볼수 있게 되었어요 ㅋㅋㅋ
382027_1,Yelko,23.02.19,작년처럼 tv도 다 해줌근데 원래 네이버나 카카오 같은 곳에서 송출해주던 온라인 송출권을 쿠팡이 다 가져가는거
382027_2,이연걸의 탈춤작성자 본인 여부작성자,23.02.19,감사합니다. Tv로 볼수 있는 상황이 많진 않을거같은데 걍 구독 갈겨야겠네요ㅠ ott 하나 또 추가되겠네…
382027_3,인생이라는 소설,23.02.19,폰으로 볼 거면 쿠팡 구독하는게 낫죠 ㅎㅎ
382027_4,이연걸의 탈춤작성자 본인 여부작성자,23.02.19,노트북이랑 폰으로 주로 볼거같아요ㅎㅎ
381917_1,KF21 보라매,23.02.17,일단 네이버랑 다음 중계는 올해부터 없는거죠?
381917_4,K리그가 미래다작성자 본인 여부작성자,23.02.17,네..인터넷이나 핸드폰으로는 쿠플로만 볼수 있는거 같아요
381917_2,나우푸드,23.02.17,중계했던 지인말로 12+@로 들었습니다
381917_3,K리그가 미래다작성자 본인 여부작성자,23.02.17,아 그렇군요..그럼 아주 많은 차이는 아니고 좀더 보강되는거군요.프로축구 1경기하는데 카메라 12대+@...진짜 인건비랑 중계비가 많이 들어갈수밖에 없겠네요..EPL같은 빅리그는 그럼 카메라수가 20대는 넘을려나..아니면 카메라수보다 카메라 기술이 좋아서 달라보이는건가 싶네요.
381917_5,빅리그k,23.02.17,쿠팡 자체 제작하는거 티비로도 볼수있는건가요
381917_7,K리그가 미래다작성자 본인 여부작성자,23.02.17,쿠팡플레이 어플에서만 볼수있고 티비로는 못보지 않을까요??
381917_6,나난나,23.02.17,갓팡
381917_8,☆수원뿐이다☆,23.02.18,그러면 경기.다시보기도쿠팡에서만 가능 한건가..?
381917_9,분노쿨링시스템,23.02.24,이것도 많이 나아진거죵..2002월드컵 전후때는 K리그 중계 카메라 6대였어용 ㅎㅎㅎ;;;
381897_1,장석환,23.02.17,매주 해주면 좋겠네요
381897_2,시드니작성자 본인 여부작성자,23.02.17,일단 시즌초에라도…ㅎㅎ
381897_4,더범,23.02.17,매주 해줬으면
381876_1,Stansmith,23.02.17,아 김형범님은 해설 안하시나ㅜㅜ
381876_11,Mai.K,23.02.17,꽁병지 채널에서 발언한거때문에
381876_12,문재인대통령,23.02.17,Mai.K먼 일 있어요??
381876_13,Mai.K,23.02.17,문재인대통령벤투 깠던걸로 기억 나네요
381876_3,그무언가,23.02.17,과연 중계 내내 이어지는 가레스 상윤의 죽음의 팝 퀴즈를 배성재가 이겨낼 수 있을 것인가
381876_8,한라산자락,23.02.17,쿠플은 제작에는 참여하지 않는걸로 알아요
381876_9,다현,23.02.17,데이터센터엔 스카이스포츠로 나오네요
381876_5,Navy,23.02.17,기대되네 중계질
381876_6,이지금아이유,23.02.17,???: 배뚠뚠!
381876_7,우주,23.02.17,배성재 이상윤이면미쳤다 이건와 tv로 보는지라 쿠플 결제할 생각 없었는데 세상에 한달 봐야겠다세상에 준희옹 중계도 더 자주 보겠고근데 작성자님밑에 링크 줄바꾸기 한번만 해주세요그럼 링크글 연결 자동으로 되는데현재 복사 금지라 주소 복사도 안 되고 링크 연결도 안 되어 있어서 들어갈 수가 없네요 ㅠㅠ
381876_14,호다다다닥,23.02.17,쿠플에서만 저 조합으로 중계 볼 수 있나요??
381876_15,더범,23.02.17,쿠팡 기대합니다!
381876_17,하나로마트,23.02.17,대만족
381876_18,K리그가 미래다,23.02.17,화질 기대되네요그리고 중계 카메라도 17대 ㄷㄷㄷㄷ그리고 화룡점정 배성재-가레스상윤 조합 ㄷㄷㄷㄷㄷㄷㄷㄷㄷ
381875_1,박종윤팬,23.02.17,토트넘 방한때보면 기대할만함
381875_2,Mateja Kezman,23.02.17,오 직접 제작도 하는군
381875_3,세인스,23.02.17,기대되네요.
381875_4,대구 오승훈,23.02.17,기대되네요
381875_6,대전시티즌ID,23.02.17,가입했으니 좋은 중계부탁해요~~
381875_7,후뉘,23.02.17,하필이면 제일 싫어하는 기업에서 ㅠㅜ 난 티비로만 봐야지..
381875_9,라페,23.02.17,쿠팡은 거들떠보지도 않지만.. 쿠플은 보기로 했네요.. ㅜㅜ
381875_10,더범,23.02.17,기대합니다
381875_11,K리그가 미래다,23.02.17,와 카메라 17대로 직접제작 ㄷㄷㄷ
381875_12,빅리그k,23.02.18,쿠팡은 애플티비에 앱이없네요
381869_1,나난나,23.02.17,엠스플에서 영입한 피디가 제작하는건가? 첫유료화 시작인데 잘되어서 컨텐트 질도 올리고 많은 투자로 이어지길 바랍니다
381869_2,박종윤팬,23.02.17,오호 리그2까지
381869_3,이진,23.02.17,잘 되길 빕니다
381869_5,elmatador,23.02.17,토트넘 내한 시리즈때 처럼 제대로 준비해서 돈값 했으면 좋겠습니다프리뷰도 그렇고 내용도 그렇고
381869_6,돌고래 조아하는 김채원,23.02.17,ㅎㅇㅌ
381869_7,더범,23.02.17,기대합니다
373938_1,쇼팽발라드1번,22.10.29,쿠플 화질 좋나요??
373938_4,고로스작성자 본인 여부작성자,22.10.29,Jtbc받아서 나오는거라 비슷하죠
373938_2,슈팅라이크종수(new),22.10.29,저는 네이버 중계로 보는데도스포당하는중...
373938_6,고로스작성자 본인 여부작성자,22.10.29,네이버도 하느군요??
373938_3,그무언가,22.10.29,쿠플이 오티티 컨텐츠중에 제일 느린거 같아요 ㅎㅎ 근30초 정도 차이나는거 같음
373938_7,고로스작성자 본인 여부작성자,22.10.29,네 많이늦네요.  쿠플만 과거에 사는듯 ㄷ ㄷ
373938_5,촉법소년단,22.10.29,ㅋㅋㅋㅋㅋ.ㅋㅋㅋㅋㅋ
369386_19,이진,22.10.19,"이랬거나 저랬거나 팬이 많아야 하는 이유 같아요 기업도 투자할 가치를 더 크게 보고 도,시에서도 맘대로 휘두르지 못 하려면.. 이게 선순환이 되어야 하는데 팬 빠지고 더 휘두르기 쉽게 되면 …"
369386_22,세인스,22.10.19,중계도 안되던 시절에 비해 인터넷 중계 등으로 조금씩 발전해가고 있다고 생각하고 있었는데... 내년이 두렵네요.
369386_23,블랙누들,22.10.19,결국 문제는 파이사이즈인데 점차 커졌으면좋겠네요.. 상금 5억을 점진적으로 늘려서 못해도 2~30억으로는 늘려주기를 기대해봅니다..
369386_1,미니언즈,22.10.19,말씀하신대로 팬들이 중계하던 시절보단 좋아졌는데...내년에 쿠팡플레이에서 어떻게 해주느냐에 따라 좀 달라지지 않을까 싶기도 하네요
369386_4,엘링 홀란드작성자 본인 여부작성자,22.10.19,국내에선 전례가 없는 일이다보니 예측이 안되겟됴?
369386_2,백현동거주민,22.10.19,시도민구단입장에서 보면 체육회 입김이 생각보다 세기때문에 폭망할일은 없을거라고생각해요. 프로구단유치를 정치적 업적이라고 생각하는사람들도 많고요.
369386_3,엘링 홀란드작성자 본인 여부작성자,22.10.19,그런 면에선 다행이네요! 다만 유치 이후에는 재정 문제가 클것 같은데 결국 기업의 스폰이 중요함에도 그걸 제3자 뇌물죄로 수사 및 기소하는 사례가 생긴다면 다른 시도의 적극적 마케팅에도 영향을 주지 않을까 싶었어요
369386_6,H_Crespo,22.10.19,체육회 입김이 그정도인가요??
369386_10,백현동거주민,22.10.19,엘링 홀란드신상진도 결국에 투자유치 운운하잖아요ㅋㅋ 정치의 관점에서 바라봐야할 문제에요. 축구계인사들이 레토릭을 어떻게 짜는지에 따라 문제가 될수도 안될수도있는거죠
369386_11,백현동거주민,22.10.19,H_Crespo그게 다 표인데요ㅋㅋ 정치하는사람은 표얻는게 제일 중요하잖아요
369386_12,엘링 홀란드작성자 본인 여부작성자,22.10.19,백현동거주민관가의 관점에선 그런데 기업들은 웬만큼 매력적인 유인이 없는 한 꺼리지 않을까요? 성남은 판교라는 매력적 입지랑 재정자립도가 좋은 편이니 버틴다 쳐도 그렇지 못한 구단은 더 투자유치가 어려워지지 않나 싶은디
369386_14,백현동거주민,22.10.19,엘링 홀란드일단 성남fc의 케이스가 굉장히 특수한 케이스이기도하고요 구단주가 정치인인이상 투자유치는 어떻게든 하려고 할겁니다 언제까지 세금때려박아서 할순없잖아요. 축구장은 사람이몰리는곳이기도하고 대구처럼 구단위상이 어느정도되면 홍준표같은사람도 함부러 못하는데  구단이 투자할만한 가치가있다는걸 증명한다면 크게 문제될일은 없을거같네요
369386_15,엘링 홀란드작성자 본인 여부작성자,22.10.19,백현동거주민그렇군요 좋은 의견 감사해요👍
369386_5,VanDerSar,22.10.19,"장기적으로 봤을 때, 인구가 줄고 있어서 모든 분야의 장래가 밝진 않음."
369386_7,H_Crespo,22.10.19,동감합니다. ㅠ
369386_8,엘링 홀란드작성자 본인 여부작성자,22.10.19,
369386_9,자빠진 루니,22.10.19,티비는 현재와 똑같은 방식으로 내년에도 진행 하는거 같은데요.인터넷이랑 모바일만 쿠팡으로 보는거고요~!
369386_13,엘링 홀란드작성자 본인 여부작성자,22.10.19,
369386_16,al haud,22.10.19,k리그1만 보면 그다지 큰 변화를 느끼지 못 할 수 있지만 좀 더 시각을 넓혀 디비전 시스템 전체를 보면 한국 축구만큼 역동적으로 발전하고 있는 리그도 없다는 걸 아시게 될 겁니다k7리그의 경우 2017년 출범한 이후 현재까지 400여개팀 이상의 팀 수 증가가 있었습니다k5리그의 경우엔 내년에 전국 단위 리그제를 실시한 이후 25년엔 k4와의 승강제가 예정되어 있습니다k3-4리그는 2020년 내셔널리그와 통합하며 불과 3년만에 전구단 법인화에 성공하여 k2와의 승강제를 앞두고 있고 덕분에 신규 창단팀들의 문턱이 낮아졌습니다덕분에 꾸준히 k4로 들어오려는 팀들이 늘고 있죠2009년 초중고 축구 리그가 출범할 무렵 전국 고등학교 팀 수는 120여개 정도였지만 현재 고등학교 팀 수는 180개가 넘습니다선수 등록하지 않는 일반 아마추어 축구 리그인 i리그의 경우 참가 팀 수가 1000개팀이 넘습니다이미 수면 아래에서는 일본 못지 않은 인프라 구축이 완성되었고 각 디비전의 승강제가 완성되면 그때 되어서야 프로 산업으로서의 k리그 가치를 논할 수 있을 거예요
369386_20,엘링 홀란드작성자 본인 여부작성자,22.10.19,긍정적 부분이 많네요 다만 시간이 더 필요하겠지만요 ㅎㅎ
369386_17,대구강윤성,22.10.19,"쿠팡플레이가 토트넘초청경기에 100억 넘게 쏟아 부어서 성공시켰고, 이번에 국대다큐도 릴리즈하는 등 새로운 변화에 기대를 가져봅니다. k리그가 흥행하기 위해선 잔디, 카메라 등 경기력 외적인 부분의 개선이 중요하고, 경기 외적으로 팬들이 즐길 만한 다양한 질높은 컨텐츠도 많아져야 하는데 결국 돈이 돌아야 해결될 문제.."
369386_21,엘링 홀란드작성자 본인 여부작성자,22.10.19,대구 경기 재밌게 보고 잇서요
369386_18,폐인좀비,22.10.19,일단 30년가까이 경쟁하고 운영만 할줄알았지 비지니스로 돈벌 생각을 안하고 있다는게 큰 문제죠
355389_1,HYNN박혜원,22.09.07,저도 찾다가 포기
338584_1,빗속의 노란물결,22.07.16,이벤트경기라 너무 이렇게 해줄거라 생긱하지는 맙시다.
338584_2,임중용작성자 본인 여부작성자,22.07.16,그냥 바람입니다ㅋㅋㅋ  파이가 작은데 쿠팡이 저렇게 해줄리가 없죠
337241_1,fantasista,22.07.13,오늘은 거의 모든 면에서 쿠팡은 이벤트 잘 치렀네요
337241_2,우주,22.07.13,ㄹㅇ 오늘 만족 ㅋㅋㅋㅋ특히 마스코트 달리기도 준비했을 줄은...
337241_3,덴리,22.07.13,준비 잘 했네
337241_4,임희정,22.07.13,ㄹㅇ 서버문제도 없이 정말기대이상이었습니다!
337241_5,우왁굳,22.07.13,진짜재밌었네요 ㅋㅋㅋㅋ
337241_6,한호열,22.07.13,ㅇㅈ
337241_7,BlueS,22.07.13,ㅇㅈㅇㅈ
337241_8,Peter Parker,22.07.13,ㅇㅈ
336349_1,gockt,22.07.13,ㅋㅋㅋ
336349_2,ㅂㄷㅁㅌ,22.07.13,잘됨 ㄷㄷ
336349_3,덴리,22.07.13,깔끔ㅎ
336349_4,설지,22.07.13,저는 PC로 보는데 버퍼 한번도 없었어요
336349_5,lgxj20,22.07.13,대기업하고 중소기업차이인가봅니다
335809_1,텐 하흐,22.07.13,메인에 뙇 잇어요
335809_2,Mai.K,22.07.13,스포츠
335809_3,역시릅신,22.07.13,홈이나 스포츠
335809_4,광배근,22.07.13,옛날 티비어플은 스포츠 중계는 또 안되더군요 ㅠ
335809_5,신지작성자 본인 여부작성자,22.07.13,하 이런 ㅜㅜ
335701_1,돼지바,22.07.13,스마트티비면 설치가능
335701_2,소혜,22.07.13,ㅇㅇ 스마트 티비면 댐
335701_3,패스좀줘,22.07.13,스마트 티비면 가능
335553_1,I’d rather be ashes than dust,22.07.13,
335517_1,라쿠시,22.07.13,쿠팡플레이 말고 쿠팡 어플 깔아서 가입하세요
335517_2,비우문데,22.07.13,아마 회원가입은 쿠팡으로 하면 될 듯요?
335517_3,조보아텡,22.07.13,쿠팡 어플을 깔아서 가입후에 와우회원가입하고쿠플 로그인하면 자동 로그인됨
335517_4,온건파축구팬작성자 본인 여부작성자,22.07.13,쿠팡은 이미 이용 중이라 쿠팡으로 로그인 시도 했거든요결국은 와우 가입을 해야했네요쿠플에 와우 가입 유도 채널이 없던 거네요
335489_1,소녀시대 윤아,22.07.13,그러게요 ㅋㅋㅋ
335489_2,포항아처,22.07.13,스포티비가 문제였군요..
335489_4,네덜란드미남,22.07.13,돈 벌어서 서비스 개선 안 한 결과죠 뭐
335675_1,민트히메♥,22.07.13,저두ㅋㅋㅋㅋㅋㅋ
335675_2,스마일리,22.07.13,쿠팡 로켓배송 두어번만써도 본전이에요
335675_3,키나페,22.07.13,솔직히 로켓배송 자주써서 이득임
335470_1,Interstellar,22.07.13,ㅋㅋㅋㅋㅋ
335470_2,허클베리피,22.07.13,아 ㅋㅋㅋㅋㅋㅋ
335470_3,아르키,22.07.13,저도 그생각ㅋㅋㅋㅋ
335446_1,허클베리피,22.07.13,케이리그 뽕 조금 채워주는중 ㅋㅋㅋㅋㅋ 만족쓰
335439_1,허클베리피,22.07.13,그쵸 진짜 지대로 해주면 너무 좋을듯
335439_2,슈팅햄찌,22.07.13,이 퀄리티를 토트넘이 아니라 케이리그까지 유지를 할지..
335439_3,나난나,22.07.13,이게 자본의 맛일까요? 점점 더 기대됩니다.
335433_1,케빈고라니,22.07.13,장지현 한준희 ㄱㄱ
335433_2,Interstellar작성자 본인 여부작성자,22.07.13,ㄱㄱ
335433_3,Leno,22.07.13,한준희 이상윤 제발요
335433_4,Tungsten,22.07.13,티비 화면 온라인 송출이라 해설은 그대로 일듯요
326906_1,Eddie Nketiah,22.06.22,
326906_2,그무언가작성자 본인 여부작성자,22.06.22,
326906_4,그무언가작성자 본인 여부작성자,22.06.22,맞습니다 프레임드랍 약간 있는거 같지만 인삼주 마시면서 뇌를 한번 속여보겠습니다 볼만하네유
307201_21,더범,22.04.13,헐값에 독점 내주면망하는건 시간문제
307201_24,구탱이형,22.04.13,쿠팡은 이런거 신경쓰지나 말고 계약직들 대우나 잘해줬으면 기계처럼 사람굴리면서 어휴
307201_1,서울의 아드리아노,22.04.13,ㅠㅠ
307201_2,후뉘,22.04.13,그럼 더 심각한 상황이네요. 지금 받는 돈보다 조금 더 준다니 얼씨구나 하고 덥썩 문 느낌인데요? ㅋㅋ 아무생각이 없구나 연맹은
307201_5,전주성백승호작성자 본인 여부작성자,22.04.13,차라리 큰 액수로 딜했으면 그 원금 회수생각으로 다양한 프로그램 확장과 로켓마켓플레이스와 연계해 다양하게 프로젝트들어갈겁니다. 액수가 그정도가 아니니 문제지
307201_6,후뉘,22.04.13,전주성백승호결국 쿠팡식 주워담기에 걸린 것 뿐이고 그저 싸서 그 주워담기가 용이했을 뿐이란 결론이겠군요....뭐라 할말이 없네요 참나..
307201_4,아틀레티코마드리드,22.04.13,이게 진짜 심각하네요.. ㅠㅠㅠ
307201_7,카바니,22.04.13,뭐 예상했던 상황..전혀 기대가 안됨
307201_9,미추홀 유나이티드,22.04.13,허허....
307201_10,문근영,22.04.13,욕은 육성으로 해야지.. 하 빡친다 연맹
307201_11,춘천약과왕,22.04.13,마치 올레티비 홈 버튼 누르면 나오는 아무도 안보는 컨텐츠중 하나 .. 이런 느낌이려나요 ㅜ
307201_12,작년에는김현팬,22.04.13,저가매수군요 ㅠㅜ
307201_13,심재원 송종국,22.04.13,전주성백승호님이 이 글을 쓰기 전에도 쿠팡이 일을 잘 할수 있을까 라는 의구심이 컸고그래서 쿠팡의 독점 중계에 1차로 반대했으며 오늘 오전에 나온 중계권료 기사 내용 때문에 더 반대했었는데이 글을 보니 더더욱;;그래서 쿠팡 상황이 어떤가 k리그 평가가 어떤가를 떠나서 일단 독점으로 넘겨줄거면 돈이라도 많이 받으라고 한건데...하...
307201_14,히딩크,22.04.13,기존 국축 위상만 생각하면 새삼스러운 얘기같긴함. 가격이 너무 헐값인게 문제
307201_15,심재원 송종국,22.04.13,기존에 그나마 있던 이점 다 포기하고 독점 가져갈 정도면 연맹도 확실하게 요구할건 요구하는게 맞지만쿠팡도 그에 맞게 투자를 더 확실히 했어야...이건 단순히 국축 위상이 어떻고 저떻고를 논할게 아니라고 봅니다
307201_16,히딩크,22.04.13,"심재원 송종국이 글 자체가 쿠팡 사내에서의 K리그 컨텐츠에 대한 평가 내지 위상을 담고 있는데, 이런 글에서 K리그 위상 못논할건 뭔지요? 가격은 별개의 얘기구요."
307201_17,히딩크,22.04.13,"심재원 송종국쿠팡은 본인들이 생각하는 합당한 가격을 제시한거고, 팬들이 투자자에 더 투자를 했어야 하느니 마느니 할 사안은 아니죠. 호구 딜 받아들인 연맹을 나무라면 모를까"
307201_18,하늘가람,22.04.13,심재원 송종국이건 쿠팡한테 뭐라 할 일은 아니죠. 그 가격에 독점권을 내준 연맹이 문제인 거지.
307201_19,심재원 송종국,22.04.13,히딩크연맹이 호구딜 받은것과는 별개로 투자자인 쿠팡 쪽에서도 '독점'에 준하는 투자는 어느정도 이상의 수준 정도로는 해야 한다고 생각하거든요국축 위상을 언급하지 마라! 가 아니라 그것과는 별개로 쿠팡의 호구 딜 제안도 팬 입장에선 충분히 비판할 수 있다는 의미였습니다
307201_20,심재원 송종국,22.04.13,"하늘가람아무리 기업이 극한의 이익을 추구한다고 해도 이정도 딜에 대한 한탄 정도는 팬은 충분히 할 수 있다고 보구요그렇다고 이 딜을 그냥 넙죽 받은 연맹 잘못은 1도 없다는 것도 아닙니다개인적으로는 이 딜 받는걸 누군가 단독으로 결정했는지, 아니면 축협 높으신 분들 대다수가 (도대체 뭐 때문인지는 모르겠지만)다 찬성했는지... 이게 궁금하긴 하네요"
307201_22,히딩크,22.04.13,"심재원 송종국그러니까 쿠팡이 판단한 독점에 준하는 투자 금액이 이번 계약 금액이란 겁니다. 뭐 우리 같은 축팬들 마음 같아선 다들 수백억아니겠습니까? 안타깝지만 이게 현실이고, 쿠팡 사내 반응이 저렇다는게 딱히 이상할 것도 없다는거죠.그 외 한탄이나 비판 문제 삼는 분은 없어보이구요. 위상 논할 일이 아니라는 말씀을 먼저 하셔서 피드백 드린겁니다."
307201_23,하늘가람,22.04.13,"심재원 송종국쿠팡은 그저 국축 독점권의 가치가 그 정도밖에 안 된다고 판단한 것뿐이고, 이때까지의 중계권료 수준을 생각하면 그게 현실적인 시장 평가예요.쿠팡이 국축의 가치를 깎아내린 것도 아닌데, 이런 상황에서 한탄의 대상이 쿠팡으로 향한다는 게 개인적으로는 조금 이해가 가질 않아서 그렇습니다. 오히려 이런 딜을 받아들인 연맹을 대상으로 한탄해야 할 일이 아닌지..."
307147_2,강원꽃은 필라작성자 본인 여부작성자,22.04.12,글쵸반대로 모바일로 축구 안보시는분들도 많쵸
307147_4,Special K,22.04.12,쿠플은 pc로 됩니다. 사람들이 걱정하는건 k리그는 tv시청률은 아예 바닥이기 때문에 인터넷 시청집계가 굉장히 중요하거든요. 근데 쿠플 유료들어오는순간 아마.. 사설토토중계사이트로 많이 볼겁니다.
307147_6,강원꽃은 필라작성자 본인 여부작성자,22.04.12,네 맞습니다.대세는 모바일이죠.중계권 입찰자들중 케이리그를 가장 후하게 쳐준곳이 쿠팡입니다.그외 매체는 그만큼의 값어치를 인정안했다는 뜻이구요.쿠팡은 도전하여 성공시키려는 입장에서 가장비싼 입찰금그외 다음 네이버는 이미경험을 해봤기에자신들이 생각했전 입찰금 이지 않았을까 생각합니다.무조건적으로 쿠팡이 안좋다라는 평들이 많아서 주저리 해본거예요
307147_7,삼십오쩜구,22.04.12,저도 반반으로 보고있어요쿠팡에게 돈을 받고 리그가 뭔가 변한다면 어떻게 변할지 긍금한 부ㅜㅂㄴ
307095_2,대전시티즌ID,22.04.12,"생각하면 엄청나게 싼거죠. 집에서 인터넷으로 영화만봐도 1만원은 그냥 깨지는데, 또 5000원이라는 돈으로 k리그만 보는게 아니고 국대경기도 보고 타 스포츠도 보고 기타등등도 보면 거저죠."
307095_5,k201,22.04.12,근데 보통 다른 플랫폼 쓰는 입장에서는 추가지출이 되는게 문제죠그리고 어린학생들이 돈내고 볼까하는 불안도 있구요
307095_9,BANDO,22.04.12,이미 스포티비 넷플릭스 등에 돈을 내고 있는 사람들이 대다수인데 5천원을 ‘더’ 내야되는건 다른 문제죠 그렇다고 다른 ott를 해지하고 쿠플을 결제할 정도의 메리트가 있는가 하면 그것도 아니구요 겨우 5천원이다 라고 생각할 문제는 아니라고 봅니다
307095_4,osmar,22.04.12,"강원도 사람은 웁니다,,,"
307095_6,스마일리작성자 본인 여부작성자,22.04.12,아앗 ;; 쿠팡이 서울권 위주이긴하죠.
307095_8,라스트데이,22.04.12,지방은 로켓배송이 의미가ㅜ
307095_10,츠유리 카나오,22.04.12,기존가입자도 오르는건 아니죠?
307095_12,쌍문동의 성기훈,22.04.12,오른다고 하네요...
307095_14,Franseco Totti,22.04.12,올라요 ㅋㅋㅋㅋ
307095_11,고종수☆권창훈,22.04.12,k리그는 무료로 서비스하지 않을까요?  미끼상품으로 와서 보고 손흥민도 보고싶음 와우 가입해~ 아니면 와우회원 중에도 안쓰는 사람들 쿠플 깔아보게 하는...
307095_13,쇼헤이 오타니,22.04.12,제 기억이 맞다면 쿠팡플레이는 유료가입해야지 로그인이 될거에요. 무료로 풀가능성은 낮아보임
307095_15,고종수☆권창훈,22.04.12,쇼헤이 오타니저도 쓰고 있어서 그렇긴한데 뭐 그정도 푸는건 일도 아니지 않을까요? 예전에 스포티비도 손흥민 경기는 무료 서비스 했듯이 비슷하게 하면 될듯
307095_18,빈뜨,22.04.13,"이거 아이디어 좋네요 ,,"
307095_16,Franseco Totti,22.04.12,지방은 로켓배송이 안되서 멤버십 사용자가 많지않아서 어떨지 모르겠네요.  5000원만 보면 싼 가격인데 다른 ott들이 너무 많아서 로켓배송도 안되는 지역 사람들은 솔직히 여기서 더 돈주고 봐야 되나 싶은 사람도 있을듯 싶네요.
307095_17,GUENDOUZI,22.04.12,로켓배송 좋고 쿠팡플레이까지 개꿀 맞습니다잘쓰긴했는데 PD수첩에서 쿠팡 판매시스템보고 바로탈퇴했어요
307080_1,Nicolas Pépé,22.04.12,그런듯
307080_2,미추홀 유나이티드,22.04.12,사실상 그렇죠
307080_4,전남 드래곤즈,22.04.12,정확히 말씀드리면 4990원 입니다~~
307080_5,히딩크,22.04.12,"49,000원도 아니고 4,990원....... 아닌말로 커피 한잔 값이고, 쿠플 멤버십 혜택이 K리그 중계만 있는 것도 아니죠.지금처럼 관성적으로 무료 중계한다 한들 몇년 뒤 극적인 변화가 있을거 같진 않아요. 결국 실패로 끝날지언정 이번 기회에 시도해봤으면 합니다."
307080_6,Franseco Totti,22.04.12,멤버십 가입은 해야겠죠?
307080_7,오른발발리슛,22.04.12,돈보다도 저는 k리그1 k리그2 전경기 거의 다 보는데.. 그냥 채팅보면서 보는맛에 봤는데 없어지는게 싫네.. 카카오티비..
307080_8,역시브룩신,22.04.12,"NFL 보려고 이미 구독 중이라 아깝지 않음. 스포티비가 한달에 만 6천?? 물론 해축, MLB, NBA, UFC, Moto GP 다 즐길 수 있어서 그 정도 가격이면 납득. 쿠팡은 스포티비의 1/3인데 NFL뿐만 아니라 다른 컨텐츠도 즐길 수 있어서 비싼 값은 아니라고 봄."
292693_1,전북과 흥민이,22.03.10,저는 이거 쓰는데ㅋㅋㅋ
292693_2,고독한미식가,22.03.10,저도..
292693_3,cream,22.03.10,진성축덕ㄷㄷ
292693_4,JBFC_BK,22.03.10,저도 오늘의 케이리그만 썼는데 ㅋㅋㅋ
292693_5,깜장헤어,22.03.10,깔아는 놨는데 습관이 되서 그런지 풋몹을 보게 됨
292693_6,민트초코빙수,22.03.10,풋몹이 전세계 축구리그 다 나와서 편함
278531_21,이수빈,22.01.13,얼마든 전 돈내고 보겠지만 유료화되면 진짜 우리만의 리그 될거 같아서 반대해요. 저부터 pl 유료되고 잘 안보는데 K리그 유료되고 볼 사람이 몇이나 될까 솔직히 의문... 저 국대 경기 꼬박꼬박 챙겨보다가 유일하게 볼 수 있었음에도 안봤던 이유가 쿠팡플레이 독점하고 였죠아직까진 어쩌다 우연히 스쳐서 중계 봤는데 재밌어서 입덕하게 만드는 단계라고 봅니다
278531_22,상상더하기,22.01.13,올스타전 예매 언제인가요?
278531_23,우주작성자 본인 여부작성자,22.01.13,아직 올스타전 한다 안 한다도 확실히 정해진 건 아니에요
278531_26,상상더하기,22.01.13,우주아 쿠팡이 리그에 유입되면 대환영이라는 드립입니다
278531_27,우주작성자 본인 여부작성자,22.01.13,상상더하기
278531_1,서울지동원,22.01.13,저렇게만 되면 좋겠지만 가능성이 있나요?
278531_9,우주작성자 본인 여부작성자,22.01.13,"뭐... 그냥 아이디어 수준인 거 같아요.다만, 저번에 유벤투스 때 K리그 위상에도 상처를 입은 걸 연맹에서도 경계하고 있다고 하니저번처럼 호구당하지는 않을 거라는 기대는 있다 정도요."
278531_2,문근영,22.01.13,쿠팡플레이가 해줄리가 없으니까 기대도 찬성도 못하겠음. 그리고 축구라는 종목에 관심있는게 아니고 손흥민과 토트넘에 관심있는 쿠플이니까요.
278531_3,Be FEARLESS,22.01.13,한번 프로연맹이 협상테이블에 앉아서 협상은 해봤으면 싶음쿠플이 어떤 생각인지 궁금하긴 함
278531_5,인텔,22.01.13,일단 시도는 해봤으면 좋겠어요.물론 쿠팡입장에서는 해외축구도 딱 몇몇 한국선수 소속팀만 타겟으로 제한하고 있는데 난데없는 k리그 풀시즌 독점중계 요구를 하면 난색을 표할거 같긴해요.
278531_7,BlueS,22.01.13,하긴 지금도 김민재 황희찬 손흥민만 하니까..다만 연맹하고 단가만 맞다면 협상은 해볼법 할 것 같습니다
278531_10,인텔,22.01.13,BlueS+이강인 그리고 황희찬 아니고 황의조 보르도 입니다.울버햄튼 추가하는데 돈 많이 드나봐요 ㅠㅠ
278531_6,"shunske,boucha,fettouhi",22.01.13,만약 쿠팡이 다른 인터넷 중계권까지 잡아먹는다면? 특히 카카오와 네이버는 K리그 중계에 있어서 굉장히 중요한 존재인데  이들이 없어지면 최악으로 가는겁니다
278531_8,BlueS,22.01.13,독점권 달라고하면 하면 안될 것 같아요 ㄷㄷ.. 단기적으론 돈이 될지 몰라도 장기적으로는 저변 자체를 없애는 길
278531_11,문근영,22.01.13,네이버 중계 없어지면 안됨.. 한국사람들이 네이버 어플을 가장 많이 쓰는데.. 없어지면 절대 안됩니다.
278531_12,우주작성자 본인 여부작성자,22.01.13,지금 쿠팡이 모바일만 독점이죠?그정도는 괜찮지 않나 싶은데...
278531_15,"shunske,boucha,fettouhi",22.01.13,"BlueS그냥 관심을 안주는게 좋을겁니다 돈벌려고 어설프게 했다간 큰일남, 지금 월드컵최종예선만 봐도 티빙과 같이 한국경기 중계 했다가 시간이 지나니까 슬금슬금 독점해버렸죠"
278531_18,"shunske,boucha,fettouhi",22.01.13,우주네 인터넷만 독점중이죠 하지만 티비보다 컴으로 축구보는 사람들이 많고 특히 네이버는 K리그를 볼수있는 서비스가 아주 잘 갖추고 있는데  만약 쿠팡의 영향으로 네이버 K리그중계에 문제가 생긴다? 괜찮지 않습니다
278531_28,소금작렬,22.01.14,"공감합니다, 선택지는 많을수록 유리하죠"
278531_13,아시안컵,22.01.13,어디든 K리그에 자본이 많이 들어와야죠 ㅠㅠ
278531_14,범!!! 내려온다!!,22.01.13,라이브 중에도 말했지만 쿠팡이 정식적으로 돈주고 사는게 아니면 반대입니다...또 잘못하면 스포티비때초럼 돈주고 해주는거라면 반대입니다
278531_16,Mr.Moon,22.01.13,"그럴일이 없을듯.경기하는것도 연맹이랑 협상하면초청 선수단 관리,경기장,훈련장 섭외,경기 운영 등 이런것들 하기가 편하니까 이용만하고 끝날듯."
278531_17,이날치,22.01.13,스폰서 가좋을듯
278531_19,나상호,22.01.13,쿠팡 들어오면 뉴미디어 유료화로 갈거고 그럼 반대.. 아직은 유료화 할수있는 시장이 아님. 타종목들도 아직 못넘어가는게 현실인데
278531_20,"shunske,boucha,fettouhi",22.01.13,유료화는 문제에 들어가지도 않고 동영상서비스가 구리다는게 큼니다
