num,subject,nick,write_time,views,url,contents
489458,그나저나 정말 쿠플은 멀티뷰 해줄 생각이 없는 걸까요,잔소리 봇,24.05.19,282,http://m.cafe.daum.net/rocksoccer/ADs2/489458?searchView=Y,"생각해보니 티빙도 멀티뷰는 안되긴 하네요
근데 진짜 여러 프로리그 중계가 목표라면
멀티뷰 안만들면 원성좀 들을건데
아닌가 나만 불만인가
시대가 어느시댄데 동시팔로우가 안되니…"
489439,아이폰으로 쿠플 보는데 왜 자꾸 가로고정 풀리죠!,Clarence Seedorf,24.05.19,105,http://m.cafe.daum.net/rocksoccer/ADs2/489439?searchView=Y,"? 아무것도 누르지 않았는데 자꾸 풀려서 세로모드로 바뀌네요
저만 이러나요"
488900,쿠플이 EPL까지 먹으면 축구 천하 통일한거죠?,축구부장,24.05.19,323,http://m.cafe.daum.net/rocksoccer/ADs2/488900?searchView=Y,아 아직 통일 못한 챔스가 남아있나
488895,쿠플은 이승모 얘기 아직 안 들어갔나보다 ㄷㄷ,버츠비,24.05.19,141,http://m.cafe.daum.net/rocksoccer/ADs2/488895?searchView=Y,"배성재랑 현영민
직접 경기보고 이승모로 바뀐거 알아챔 ㄷㄷㄷㄷ"
488622,[움짤]정유미84가 짚어보는 지지대더비 관전 포인트.gif,음교수2,24.05.18,"2,873",http://m.cafe.daum.net/rocksoccer/ADs2/488622?searchView=Y,쿠플픽 뭐하냐 빨리 섭외하라고....
488441,[☆안양]김다솔 ㄷㄷㄷ,헤르초그,24.05.15,487,http://m.cafe.daum.net/rocksoccer/ADs2/488441?searchView=Y,오늘 예매 취소하고 쿠플로 보는데  김다솔 잘막네요 ㄷㄷ
488419,다음주 쿠플픽 스턴건 김동현,금새록,24.05.15,675,http://m.cafe.daum.net/rocksoccer/ADs2/488419?searchView=Y,
488418,[움짤][광주 vs 울산] 다음 쿠플픽 게스트 매미킴 김동현.gif,음교수2,24.05.15,"1,379",http://m.cafe.daum.net/rocksoccer/ADs2/488418?searchView=Y,
488416,쿠플픽 게스트) 포항vs서울 매미킴 김동현,안양윤두준,24.05.15,208,http://m.cafe.daum.net/rocksoccer/ADs2/488416?searchView=Y,
488229,[★울산][광주 vs 울산] 쿠플픽 최다 출장 보유자 홍명보 감독.gif,음교수2,24.05.15,229,http://m.cafe.daum.net/rocksoccer/ADs2/488229?searchView=Y,
485529,[K리그][서울 vs 울산] 다음 쿠플픽 게스트 : 지예은.gif,음교수3,24.05.04,709,http://m.cafe.daum.net/rocksoccer/ADs2/485529?searchView=Y,
485523,다다음주 쿠플픽 지예은 ㄷㄷㄷ,우왁굿,24.05.04,52,http://m.cafe.daum.net/rocksoccer/ADs2/485523?searchView=Y,와
485095,[K리그]K리그1 10라운드 공식 관중수,이태석이승준,24.05.01,711,http://m.cafe.daum.net/rocksoccer/ADs2/485095?searchView=Y,"대전 vs 김천 4,973명
수원FC vs 서울 7,570명
대구 vs 울산 11,466명
2024시즌 전 경기 1만 이상 관중 기록중입니다.
인천 vs 전북 10,094명
제주 vs 광주 4,502명
강원 vs 포항 4,157명
10라운드 총 관중 - 42,762명
10라운드 평균관중 - 7,127명
2024시즌 총 관중 - 669,538명
2024시즌 평균관중 - 11,345명
11라운드 매치업
5월 4일 토요일
14:30 서울 vs 울산 - 서울월드컵경기장(쿠플픽)
16:30 포항 vs 전북 - 포항스틸야드
5월 5일 일요일(어린이날)
14:00 수원FC vs 강원 - 수원종합운동장
16:30 김천 vs 인천 - 김천종합운동장
5월 6일 월요일(대체공휴일)
14:00 제주 vs 대구 - 제주월드컵경기장
16:30 광주 vs 대전 - 광주축구전용경기장"
484607,아.. 같은 시간에 4경기를 동시에 하다보니 보기 힘드네요 ㅠㅠ,Tensegrity Universe and Philosophy,24.05.01,155,http://m.cafe.daum.net/rocksoccer/ADs2/484607?searchView=Y,"일단 대구-울산이랑 제주-광주 두개 띄워놓고 봄
쿠플은 동접수 늘려달라!!!"
483610,케이블이랑 쿠플이랑 해설자 다른가요?,W ROONEY,24.04.28,182,http://m.cafe.daum.net/rocksoccer/ADs2/483610?searchView=Y,오늘 전북경기요 jtbc에서 하던데
481917,[☆수원][안양 vs 수원] 쿠플 엔딩곡 : 김주찬 신청곡 / 노브레인 - 나의 사랑 나의 수원.gif,음교수2,24.04.21,459,http://m.cafe.daum.net/rocksoccer/ADs2/481917?searchView=Y,
481915,[K리그][안양 vs 수원] 다음 쿠플픽 게스트 : 前 쥬얼리 예원.gif,음교수2,24.04.21,874,http://m.cafe.daum.net/rocksoccer/ADs2/481915?searchView=Y,
481721,쿠플 방심위 들어가는거 아닙니까? ㅋㅋ,madani,24.04.21,265,http://m.cafe.daum.net/rocksoccer/ADs2/481721?searchView=Y,아무래도 약을 쎄게 한거 같은데 ㅋㅋㅋ
481536,해설진 빠방해서 어색하네요,David Beckham,24.04.21,153,http://m.cafe.daum.net/rocksoccer/ADs2/481536?searchView=Y,쿠플픽 감사
481478,안양 vs 수원 쿠플픽 기념 밤양갱 한준희 ver.,이태석이승준,24.04.21,231,http://m.cafe.daum.net/rocksoccer/ADs2/481478?searchView=Y,"https://youtu.be/DppQ2oXooG0?si=QbDzJTDOfybmryF3
쿠팡플레이 도핑검사가 시급합니다"
480980,스카이스포츠 프리뷰 인터넷으로 볼수 있는방법은 없죠?,시골개,24.04.20,59,http://m.cafe.daum.net/rocksoccer/ADs2/480980?searchView=Y,쿠플에서 볼수있음 좋을텐데ㅠㅠ
480804,"[기사]쿠팡플레이, 'K2 최초 쿠플픽' 선보인다...이경규와 함께 '지지대 더비' 안양-수원 생중계 / 사위 김영찬과 동반 출연 예고",바이언2,24.04.19,"2,236",http://m.cafe.daum.net/rocksoccer/ADs2/480804?searchView=Y,"http://www.osen.co.kr/article/G1112319891
지난 3월 첫 쿠플픽을 장식한 '예능 대부' 이경규가 게스트로 출연하는 것도
관전 포인트다. 안양 수비수이자 이경규의 사위인 김영찬이 동반 게스트로
예정되어 ‘찐가족'의 케미에 대한 기대를 모은다. 또한, ‘축구 해설 원톱’ 한
준희 해설위원과 배성재 캐스터가 K리그2 경기 현장에서는 처음으로 호흡
을 맞춘다."
480802,"[기사]승강 PO 리벤지+쿠플픽+대규모 관중 예고…2부 1,2위 만남 그 이상, 화제성 최고의 ‘지지대더비’ 온다",바이언2,24.04.19,266,http://m.cafe.daum.net/rocksoccer/ADs2/480802?searchView=Y,"https://www.sportsseoul.com/news/read/1420965?ref=naver
지난시즌 강등된 수원은 우려 속에서도 3연승으로 결과를 내고 있다. 수
원의 3연승은 2020시즌 이후 4년여 만이다. 안양까지 꺾으면 2018시즌
이후 6년여 만에 4연승을 달성하게 된다. 공격수 김현은 3연승 기간 3골
1도움으로 매서운 감각을 뽐내고 있다. 또 시즌을 앞두고 안양에서 수원
으로 이적한 수비수 백동규의 출전 여부도 관심사다."
480725,"[기사]'지지대 더비' 앞둔 폭풍전야의 안양, 중계 부스부터 문자까지 '총력전'",바이언2,24.04.17,451,http://m.cafe.daum.net/rocksoccer/ADs2/480725?searchView=Y,"https://www.sports-g.com/news/articleView.html?idxno=206079&fbclid=IwZXh0bgNhZW0CMTEAAR2aXDTs1Jvtwm76uujYAhc1nQhEZ2qp3cyKDEw23bUcrZyHIK02vtzMqTo_aem_ASnYro1QUe2M15BK1DuSWD7QD3-BmEhxXIznSCNntDx-jMMOSlI9Gt-mmJtwjXQf-JuO9gpMVX7FuGjQJGdVrsgh
'쿠플픽'으로 안양은 분주해졌다. 안양은 처음으로 중계 부스 두 개가 필요하다는 사실
을 알았다. 중계진도 늘어난다. 안양 구단 관계자는 ""원래 중계에는 20명의 인력이 동
원된다""라면서 ""그런데 쿠플픽으로 인해 중계진 35명이 더 늘어난다. 총 55명의 중계
진이 온다. 일단 추가적으로 필요한 중계 부스는 가변석 테이블에 마련할 예정""이라
고 전했다.
안양시도 가세해 분위기를 끌어올리고 있다. 코리아컵 킥오프 약 40분 전 안양시청
체육과 번호로 장문의 문자가 발송됐다. 메시지에는 'K리그 1, 2를 통틀어 유일하게
무패 행진 중인 FC안양과 수원삼성이 안양종합운동장에서 격돌합니다'라는 말로
시작됐다.
이어 이 메시지에는 '4,000명 이상 수원삼성 대규모 원정단의 응원이 예상된다'라
면서 '우리의 홈 구장이 원정 경기장으로 변하지 않도록 많은 홍보와 응원 부탁드
린다'면서 해당 경기의 예매 정보를 적어놓았다. 안양시청 차원에서 수원삼성에
밀릴 수 없다는 각오로 이례적인 문자를 발송한 것이었다.
다만 아쉬움은 있다. 안양 입장에서 가장 힘을 보탤 수 있는 최대호 구단주가 해
외 출장으로 인해 '지지대 더비'에 참석하지 못한다. 대신 최대호 구단주의 구단
사랑은 여전했다. 최대호 구단주는 해외 출장 전에 안양시청 각 부서와 '지지대
더비' 홍보에 대한 대책 회의를 한 것으로 전해졌다."
479359,엥? 전북 광주 경기 쿠플 해설 없나요?,치얼스,24.04.13,250,http://m.cafe.daum.net/rocksoccer/ADs2/479359?searchView=Y,"방금 틀었는데
그냥 현장음만 나와서 당황스럽네요
쿠팡에서 이런 거 처음인데
그동안은 운좋게 해설자 있는 경기만 봤던건가;"
479347,쿠플 중계 해설도 안나오고 사이드카메라인데 TV도 그래요?,Peter Parker,24.04.13,235,http://m.cafe.daum.net/rocksoccer/ADs2/479347?searchView=Y,ㅠㅠ
479287,쿠플픽은 항상 생방이죠??,Son Heung min,24.04.13,163,http://m.cafe.daum.net/rocksoccer/ADs2/479287?searchView=Y,아니면 사녹하고 방송하는건가요?
479281,쿠플픽 보는데 오디오 이상한데???,이태석이승준,24.04.13,206,http://m.cafe.daum.net/rocksoccer/ADs2/479281?searchView=Y,잡음 나오는 거 저만 그런가요??
479279,쿠플픽 김기동 피셜 린가드 수술(시술) 했다네요,LEE KANG iN,24.04.13,416,http://m.cafe.daum.net/rocksoccer/ADs2/479279?searchView=Y,"최근 연습경기 45분 뛰고 불편함 느껴서
어제 10분정도 걸리는 시술 수준의 수술했다네요
한달정도면 그라운드 복귀할수 있을거라는것 같습니다."
479274,킹기동,(이름없음),24.04.13,391,http://m.cafe.daum.net/rocksoccer/ADs2/479274?searchView=Y,"포항 팬들한테 인사하시고
쿠플픽 참가"
479252,오늘 서울 vs 포항전 쿠플픽 게스트 - 에이핑크 오하영,이태석이승준,24.04.13,719,http://m.cafe.daum.net/rocksoccer/ADs2/479252?searchView=Y,드디어 오하영!!!!
479181,안양 vs 수원 쿠플픽,Azpi,24.04.10,"2,105",http://m.cafe.daum.net/rocksoccer/ADs2/479181?searchView=Y,
477651,이번라운드 쿠플픽 없나여,잔소리 봇,24.04.06,234,http://m.cafe.daum.net/rocksoccer/ADs2/477651?searchView=Y,리스트에 보니 안보이는거같아서
476705,'티빙 슈퍼 매치' 라는 명칭,세인스,24.04.01,"1,438",http://m.cafe.daum.net/rocksoccer/ADs2/476705?searchView=Y,"잘은 모르지만 티빙이 이번에 KBO 온라인 독점하면서
쿠플픽처럼 관심도가 높은 경기에 독자 컨텐츠 같은 걸 하는 것 같은데..
하필 명칭이 슈퍼 매치 일까요...
물론 당분간 슈퍼 매치는.. 없을..? 예정이지만
그래도 같은 스포츠 계열인데 용어 선정에 좀 신경을 썼어야?"
476144,린가드 쿠플 회원인듯요,케빈대북라이너,24.03.31,"1,346",http://m.cafe.daum.net/rocksoccer/ADs2/476144?searchView=Y,
476081,쿠팡이 어느덧 K리그 중계 3년차인데..정체되지 말고 새로운 것 더 했으면,축구부장,24.03.30,"1,653",http://m.cafe.daum.net/rocksoccer/ADs2/476081?searchView=Y,"처음 쿠플픽, 프리뷰쇼의 신선했는데 여기에 더 해서 새로운 것 더 했으면 좋겠습니다.
라리가월드 처럼, K리그월드, 위클리 매거진 등등.
MLB나 NFL 등 다른거 신경 쓰지말고 쿠팡은 K리그에만 쭉 올인하자"
475688,강미나의 하프타임쇼,버츠비,24.03.30,871,http://m.cafe.daum.net/rocksoccer/ADs2/475688?searchView=Y,"ㄱ
쿠플픽 게스트로 한 번 나오면
거의 두 시간을 화면에 노출시켜주니
다들 나올만할듯..."
475682,이럴꺼면 그냥 쿠플픽을 바꾸든니 하지...,미니언즈,24.03.30,306,http://m.cafe.daum.net/rocksoccer/ADs2/475682?searchView=Y,"하프타임에 게스트분 보는 재미도 있는데 아쉽네요
개인적으로
이러면 공중파 광고타임과 다를바 없어보임"
475473,쿠플픽 프리뷰쇼는 완전 쌩라이브에여?,버츠비,24.03.30,283,http://m.cafe.daum.net/rocksoccer/ADs2/475473?searchView=Y,"쌩라이브라고 생각했었는데
혹시 시간차두고 방송해요?"
475468,쿠플픽 이동국 난입,버츠비,24.03.30,"1,236",http://m.cafe.daum.net/rocksoccer/ADs2/475468?searchView=Y,"ㅋ
인사하고 감 ㄷㄷㄷ"
475449,쿠플은 몇시부터 하나요?,W ROONEY,24.03.30,241,http://m.cafe.daum.net/rocksoccer/ADs2/475449?searchView=Y,처음부터 보고싶은데
475364,전북 vs 울산 쿠플픽 게스트,Azpi,24.03.28,"2,743",http://m.cafe.daum.net/rocksoccer/ADs2/475364?searchView=Y,강미나
475274,이번주 쿠플픽 루머 사실인가요???,W ROONEY,24.03.25,"3,104",http://m.cafe.daum.net/rocksoccer/ADs2/475274?searchView=Y,엄청난데....
474835,4라운드 쿠플픽,Azpi,24.03.19,"3,554",http://m.cafe.daum.net/rocksoccer/ADs2/474835?searchView=Y,
474774,티빙 보니 쿠팡에 고맙네요,달려라거북이,24.03.18,"1,068",http://m.cafe.daum.net/rocksoccer/ADs2/474774?searchView=Y,"티빙 야구 중계로. 터지는 문제들
오늘쿠팡에서 야구 서울시리즈 쏟아지는 호평
쿠팡중계를 부러워하는 야구팬들 보니
어차피 유료화 될 일이었다면. K리그와
손잡아준 쿠플 정말 고마운 요즘입니다
쿠플에 너무 만족합니다 다만 바라는게. 있다면
다음계약 때 중계권료좀 3배이상 올려 주세요"
474316,울산인천 쿠플중계 문열어!!!!!,버츠비,24.03.17,87,http://m.cafe.daum.net/rocksoccer/ADs2/474316?searchView=Y,7분 남았는데 언제 여는거야!!!!!
474277,쿠플 터져서 포항광주 골장면 못본거 저밖에 없는듯,잔소리 봇,24.03.17,307,http://m.cafe.daum.net/rocksoccer/ADs2/474277?searchView=Y,나만 터졌나 락싸인들 왜 조용하지
473466,근데 쿠플은 멀티뷰는 해줄 생각이 아예 없는 걸까요,잔소리 봇,24.03.16,138,http://m.cafe.daum.net/rocksoccer/ADs2/473466?searchView=Y,스포츠 시청에 필순데 이거 진짜 오반데
473364,이번 주말 경기는 쿠플픽 쉬나요?,치얼스,24.03.14,748,http://m.cafe.daum.net/rocksoccer/ADs2/473364?searchView=Y,"쿠팡 일정 보니 쿠플픽 경기가 없네요
야구 이벤트 땜에 그런가;"
472569,쿠플픽 엔딩송 - 제시 줌,김지우,24.03.10,182,http://m.cafe.daum.net/rocksoccer/ADs2/472569?searchView=Y,ㅋㅋㅋㅋㅋㅋㅋㅋㅋㅋㅋㅋ
472136,[☆서울][서울 vs 인천] 나 쿠플 시리즈 온거 아니다.gif,음교수2,24.03.10,312,http://m.cafe.daum.net/rocksoccer/ADs2/472136?searchView=Y,
472117,쿠플픽이 ㅋㅋ 이경규가 간다로 바뀜 ㅋㅋ,신해철,24.03.10,104,http://m.cafe.daum.net/rocksoccer/ADs2/472117?searchView=Y,쿠팡은 오히려 나이스 ㅋ
471903,쿠플에서만 린가드 직캠있다고 하네요,김지우,24.03.10,102,http://m.cafe.daum.net/rocksoccer/ADs2/471903?searchView=Y,ㅈㄱㄴ
471844,경인더비 tv채널 어디서보세요?,KLeagueIU,24.03.10,263,http://m.cafe.daum.net/rocksoccer/ADs2/471844?searchView=Y,"공중파
스카이스포츠
쿠플픽"
471633,쿠플 아나운서 예쁘다,Son Heung min,24.03.10,91,http://m.cafe.daum.net/rocksoccer/ADs2/471633?searchView=Y,ㅈㄱㄴ
471628,쿠플네컷이랑 린가드 한국생활 왤케 귀엽죠ㅋㅋㅋㅋ,화이트블랙,24.03.10,86,http://m.cafe.daum.net/rocksoccer/ADs2/471628?searchView=Y,쿠플 진짜 귀엽넼ㅋㅋㅋ
471623,쿠플네컷 ㅋㅋㅋ,포항답게,24.03.10,96,http://m.cafe.daum.net/rocksoccer/ADs2/471623?searchView=Y,ㅋㅋㅋㅋ
471595,지지대 더비 쿠플픽ㅋㅋㅋㅋㅋ,주바페,24.03.10,196,http://m.cafe.daum.net/rocksoccer/ADs2/471595?searchView=Y,경규옹 효과 ㄷ ㄷ ㄷ
471556,쿠플 프리뷰쇼 시작~~~~~,축구부장,24.03.10,9,http://m.cafe.daum.net/rocksoccer/ADs2/471556?searchView=Y,인천팬들 응원소리..
471537,2시 45븐 서울인천 쿠플픽 프리뷰쇼 시작입니다 (with 경규옹),Leno,24.03.10,98,http://m.cafe.daum.net/rocksoccer/ADs2/471537?searchView=Y,경규옹 진짜 계속 오는거예요? ㄷㄷ
471515,"서울E-수삼경기 쿠플 잠시 틀었는데..캐스터,해설이...",축구부장,24.03.10,452,http://m.cafe.daum.net/rocksoccer/ADs2/471515?searchView=Y,많이 올드한 느낌..86 한국프로축구대회 그 분위기..
469449,"쿠플로 K리그 풀영상, 하일라이트 볼수 있어서 너무 좋네요",축구부장,24.03.02,391,http://m.cafe.daum.net/rocksoccer/ADs2/469449?searchView=Y,"린가드 투입부분 부터 다시 봅니다.
ACL은 없어서 아쉽네"
468341,[☆안양]'사위 경기할 때 장인어른 이경규는 쿠플픽' FC안양 김영찬의 속내는?,바이언2,24.03.01,365,http://m.cafe.daum.net/rocksoccer/ADs2/468341?searchView=Y,"https://www.sports-g.com/news/articleView.html?idxno=205358&fbclid=IwAR10UGKke0IO2Ajknund7VjMioMsDnuFW-uavrcv8-S3Q7aPiAS8awUiR74
그렇다면 김영찬의 아내는 어떤 경기에 더 집중할까. 그러자 김영찬은 주저 없이
""당연히 아내는 내 경기를 더 유심히 볼 것이다""라며 ""처음 기사를 보고 아버님
이 내 경기를 못 보실 수 있겠다는 생각을 했다. 그러면서도 사위로서 자랑스럽
더라. 그렇게 출연하신다는 거 자체가 엄청난 거 아닌가""라며 속내를 밝혔다.
김영찬이 FC안양으로 이적하면서 장인어른인 이경규 역시 '직관 접근성'이 좋
아졌다. 그러자 김영찬은 ""그렇지 않아도 많이 좋아하셨다. 내가 이적했을 때
부터 안양에 대해 많이 보시더라. 항상 관심 가져주셔서 감사하다""면서 ""사위
로서 항상 자랑스럽게 생각한다. 우리 경기도 나중에는 한번 와주셨으면 한다""
라며 웃음을 보였다."
468325,[움짤]2024 시즌도 잘 부탁드립니다.gif,음교수2,24.03.01,911,http://m.cafe.daum.net/rocksoccer/ADs2/468325?searchView=Y,"2024 시즌 쿠플픽에 이경규옹과 등장한 배뚠뚠과 한준희옹
사위사랑은 장인사랑 / K리그1은 알빠노 올시즌은 안양이 우선순위라는 경규옹
올시즌 새얼굴 진세민 아나운서
린가드를 위해 단소까지 준비한 그는 도덕책
팬들이 얼마나 K리그를 기다렸는지 보여주는.......
대망의 2024 K리그 kick-off
경기시작 2분만에 2024 시즌 1호골을 작렬시킨 유정완
창에는 창으로 그런데 둘다 오프사이드네???
유상훈이 어서와 K리그2는 처음이지??
환ㅈㅈ 아 아니 김환 아나운서가 먹는데 말시켜서 살짝 표정 굳은 경규옹
빛현우의 그녀
3.1절에 31번을 달고 에사카 아타루가 골을 넣었네??
시즌 1호 잘가세요 두둥
쿠플픽에 뒤질수없다 우리도 한다 프리뷰쇼
깍쟁이가 보면 대노를 했을 부루마블쇼 시전하는 현영민
몸풀다가 반가운 얼굴들 보여서 난입했다는 이순민
3.1절에는 애국가와 국악 그리고 태극기지
K리그에서는 좀처럼 보기힘든 원정팬들의 카드섹션
내가 락싸하는걸 결코 아들에게 들켜서는 안돼
바람따위도 우리들의 축구열정을 막지 못해
전주성에 등장한 전북 다이노스 창단멤버 섹도시훈
오랜 재활끝에 원정팬들에게 선제골을 선물하는 구텍
절대 치타를 분노하게 해서는 안돼
안현범의 극장골로 전주성 시즌 1호 오오렐레 입갤
내일은 근무때문에 광주 vs 서울 / 인천 vs 수원FC 중계는 힘들어요.
대신 최대한 빨리 집에와서 업로드 할께요.
이번 한시즌도 잘 부탁드립니다."
467910,전북대전 쿠플라인업 이상윤-소준일 이네요,Leno,24.03.01,78,http://m.cafe.daum.net/rocksoccer/ADs2/467910?searchView=Y,아컵 꿀잼 경기 제조기 듀오 ㅋㅋㅋㅋ
467906,경규옹 쿠플에서 뭐해요?,아이린,24.03.01,199,http://m.cafe.daum.net/rocksoccer/ADs2/467906?searchView=Y,"고정이란글이 보이는데
해설이에요?"
467622,쿠플픽 끝났으니 환이형 해설들으러 고고,시골개,24.03.01,93,http://m.cafe.daum.net/rocksoccer/ADs2/467622?searchView=Y,젭티씨 환이형 중계로 고고합니다
467617,쿠플 경규옹 야무지게 써먹음 ㅋㅋㅋㅋㅋㅋ,그무언가,24.03.01,208,http://m.cafe.daum.net/rocksoccer/ADs2/467617?searchView=Y,컨텐츠 몇개를 하신거야 ㅋㅋㅋ
467610,"쿠플 프리뷰 좀 늦게켰는데, 경규옹 고정인건가요? 케이리그 폼 미쳤네요 ㅋㅋㅋ",Leno,24.03.01,235,http://m.cafe.daum.net/rocksoccer/ADs2/467610?searchView=Y,"경규옹 말씀대로 올핸 케이리그가 스포츠 정ㅋ벅ㅋ 기대해봅니다
이게 머선일이여.. ㅋㅋ"
467607,[K리그][울산 vs 포항] 쿠플픽 새얼굴 진세민 아나운서.gif,음교수2,24.03.01,"1,265",http://m.cafe.daum.net/rocksoccer/ADs2/467607?searchView=Y,
467587,[★포항][울산 vs 포항] 쿠플픽 데뷔전 치르는 박태하 감독.gif,음교수2,24.03.01,480,http://m.cafe.daum.net/rocksoccer/ADs2/467587?searchView=Y,
467584,쿠플은 멀티태스킹 모드 없나요?,Dennis Cirkin,24.03.01,215,http://m.cafe.daum.net/rocksoccer/ADs2/467584?searchView=Y,카페랑 같이 할 수가 없네요 ㅠ
467583,[★울산][울산 vs 포항] 2023 쿠플픽의 남자 홍명보.gif,음교수2,24.03.01,356,http://m.cafe.daum.net/rocksoccer/ADs2/467583?searchView=Y,
467573,"이경규 ""전경기 쿠플픽 하자""",버츠비,24.03.01,358,http://m.cafe.daum.net/rocksoccer/ADs2/467573?searchView=Y,ㅋㅋㅋㅋㅋㅋㅋㅋㅋㅋㅋ
467559,[K리그][울산 vs 포항] 2024년 쿠플픽 달라진 점.gif,음교수2,24.03.01,466,http://m.cafe.daum.net/rocksoccer/ADs2/467559?searchView=Y,
467557,2024시즌 쿠플픽 달라진 점,이태석이승준,24.03.01,369,http://m.cafe.daum.net/rocksoccer/ADs2/467557?searchView=Y,
467547,원래 쿠플 프리뷰쇼 한시간 반전부터 하나요??,그무언가,24.03.01,454,http://m.cafe.daum.net/rocksoccer/ADs2/467547?searchView=Y,이경규우~
467525,"[기사]이경규가 함께한다! K리그 ‘동해안 더비’ 개막전, 쿠팡플레이 첫 게스트 활약 예고",김바덕,24.03.01,74,http://m.cafe.daum.net/rocksoccer/ADs2/467525?searchView=Y,"https://v.daum.net/v/HJSCMjBWYU
이경규가 함께한다! K리그 ‘동해안 더비’ 개막전, 쿠팡플레이 첫 게스트 활약 예고
쿠팡플레이가 오는 1일 오후 12시 30분, 울산문수축구경기장에서 열리는 ‘울산HD FC(이하 울산) vs 포항스틸러스(이하 포항)’의 공식 개막전 경기를 쿠플픽으로 선보이며 K리그 2024시즌 중계의 문
v.daum.net"
467518,[K리그]오늘 쿠플픽 게스트 : 이경규,음교수2,24.03.01,298,http://m.cafe.daum.net/rocksoccer/ADs2/467518?searchView=Y,
467515,쿠플 다시보기할때 경기결과 떴었나요??,이지금아이유,24.03.01,118,http://m.cafe.daum.net/rocksoccer/ADs2/467515?searchView=Y,"라이브로 못보는거 풀경기로 다시보고픈데
스포당하려나요..??"
467003,쿠플에 올라온 린가드 2년전 활약상,축구부장,24.02.22,956,http://m.cafe.daum.net/rocksoccer/ADs2/467003?searchView=Y,노팅엄 시절 날럽하네요
466977,"[기사][공홈] '동해안더비' 개막전 JTBC G&S 생중계, 올 시즌에도 '쿠플픽' 지속",바이언2,24.02.22,249,http://m.cafe.daum.net/rocksoccer/ADs2/466977?searchView=Y,https://www.kleague.com/news_view.do?seq=89564&orderBy=seq&viewOption=album&page=1
466619,"[단독] 손흥민 차고 김민재 막는 장면, 한국서 본다",Azpi,24.02.20,"1,064",http://m.cafe.daum.net/rocksoccer/ADs2/466619?searchView=Y,"https://n.news.naver.com/sports/kfootball/article/022/0003906110
[단독] 손흥민 차고 김민재 막는 장면, 한국서 본다
쿠플, 토트넘·뮌헨 초청경기 추진토트넘·K리그 친선전 후 8월초쯤“구체적 시간·장소는 확인 어려워”대회 성사 땐 손·김 사상 첫 맞대결‘월드 클래스’ 공격수 손흥민(32·토트넘)과 현존하
n.news.naver.com
20일 축구계에 따르면 쿠팡플레이는 잉글랜드 프리미어리그(EPL) 토트넘과 독일 분데스리가 바이에른 뮌헨의 내한 초청경기를 추진한다. 토트넘은 이번 한국방문 일정에 두 경기를 소화할 예정이다. 우선 토트넘은 7월28일로 예정된 K리그 올스타전에서 팀 K리그와 친선전을 갖는다. 이후 토트넘은 8월2일 뮌헨과 맞대결을 벌일 예정이다. 추진 중인 이벤트로 장소와 시간은 아직 확정되지 않았다.
토트넘 vs K리그 올스타"
465636,아챔 오티티 어디로 볼 수 있나요?,아이스핫초코,24.02.14,138,http://m.cafe.daum.net/rocksoccer/ADs2/465636?searchView=Y,쿠플..?
465489,지금 쿠플에서 NFL 슈퍼볼 생중계하는데,축구부장,24.02.12,"1,449",http://m.cafe.daum.net/rocksoccer/ADs2/465489?searchView=Y,"미식축구와 축구를 비교할 바는 아니지만..K리그 팬 입장에서 부러움을 넘어, 그냥 너무 별천지네요. 경기장, TV카메라, 화려한 조명....이제 하프타임쇼 시작합니다."
465473,쿠플에서 백승호경기보는데..K리그가 잉글2부급은 될꺼같은데요?,축구부장,24.02.11,"2,965",http://m.cafe.daum.net/rocksoccer/ADs2/465473?searchView=Y,"전북 백승호가 통하는거 보면
K리그 상위권이면 EPL 강등권~잉글2부급 되지 않을지..
선수1,2명으로 판단은 어렵지만 어떻게 생각들 하시는지?"
464948,린가드...쿠플픽 프리뷰쇼에 100% 나오겠죠?,축구부장,24.02.05,"1,126",http://m.cafe.daum.net/rocksoccer/ADs2/464948?searchView=Y,게스트로 박지성?
464539,일단 쿠플 제시 섭외해서 같이 눈누난나든 뭐든 둘이 시킬각,Leno,24.02.02,107,http://m.cafe.daum.net/rocksoccer/ADs2/464539?searchView=Y,"린가드 결승골 넣고 경기종료 시 제시 노래 브금 다수 대기
ㅋㅋㅋ"
463521,쿠팡플레이 K리그 영상 움짤은 2차 가공 가능한건가요?,트로사르,24.01.14,823,http://m.cafe.daum.net/rocksoccer/ADs2/463521?searchView=Y,"쿠플 중계화면 자료 락싸나 SNS 이런곳에 올려도 되나요?
잘 몰라서"
460561,"[☆수원]""바로 승격 목표로 해야""...K리그1과 다른 K리그2, '유일 강등' 수원이 알아야 할 것들은?",바이언2,23.12.12,398,http://m.cafe.daum.net/rocksoccer/ADs2/460561?searchView=Y,"https://www.interfootball.co.kr/news/articleView.html?idxno=620109
C 구단 관계자는 “수원 관중 수에 영향이 있을 수 있다. 팬덤이 워낙 강하고 대단
하긴 하지만 관심도가 적어질 수밖에 없다. 쿠플픽도 없고 화제성도 적고 그러니
까 프런트가 더 노력을 해야 한다”고 했고 “K리그2는 전용구장이 많이 없고 트랙
이 있는 종합운동장이 대부분이다. 원정석 시야는 당연히 안 좋기에 구단도, 팬
분들도 적응을 해야 한다. K리그2에 수도권 팀이 은근 많은 건 수원에 긍정적일
수 있다”고 언급했다."
460343,수엪 부산경기 쿠플 풀영상 언제 뜰까요?,기동종신,23.12.09,76,http://m.cafe.daum.net/rocksoccer/ADs2/460343?searchView=Y,풀영상보고싶어 하이라이트도 안보고있는데 경기 너무 궁금하네요
459430,쿠플 저만 끊기나요?,엄지공주 오무지,23.12.09,93,http://m.cafe.daum.net/rocksoccer/ADs2/459430?searchView=Y,
459111,[K리그]매정한 쿠플놈들.jpg,강원★트레블,23.12.06,"1,697",http://m.cafe.daum.net/rocksoccer/ADs2/459111?searchView=Y,
458968,K리그에 반자동 도입 10년 내 가능? 안 가능?,잔소리 봇,23.12.06,56,http://m.cafe.daum.net/rocksoccer/ADs2/458968?searchView=Y,일단 쿠플한테 물어봅시다
458899,쿠플 야구도 노린다는데 감당가능??,노정의,23.12.06,163,http://m.cafe.daum.net/rocksoccer/ADs2/458899?searchView=Y,자꾸터질거같은데
458898,아 쿠플 ㅡㅡ,포항스틸러스,23.12.06,124,http://m.cafe.daum.net/rocksoccer/ADs2/458898?searchView=Y,개터지네
458882,쿠플 서버 터졌나여?,추꾸죠아,23.12.06,63,http://m.cafe.daum.net/rocksoccer/ADs2/458882?searchView=Y,왜 끊겼지?
458539,시상식 쿠플로만 중계 되나요,별빛사냥꾼,23.12.04,256,http://m.cafe.daum.net/rocksoccer/ADs2/458539?searchView=Y,다른 채널 없나요?
457552,쿠플 여자인터뷰 하는사람 왜 자꾸 강등을 면했다고 하지 ㅋㅋㅋ,Paul Dummett,23.12.02,910,http://m.cafe.daum.net/rocksoccer/ADs2/457552?searchView=Y,플레이오프 남았는데 ㅋㅋ
457316,제발 쿠플 멀티뷰좀…….,잔소리 봇,23.12.02,194,http://m.cafe.daum.net/rocksoccer/ADs2/457316?searchView=Y,"디스플레이가 두개라 동시 세경기 너무 빡셈
폰으로는 락싸해야 해서"
456879,수원 강원 쿠플픽이네요,Andrew Suarez,23.11.30,815,http://m.cafe.daum.net/rocksoccer/ADs2/456879?searchView=Y,게스트 오범석 백지훈 이네요
455428,쿠플픽 풀영상으로 다시보기 올라오나요?,Leno,23.11.25,50,http://m.cafe.daum.net/rocksoccer/ADs2/455428?searchView=Y,"다시보기론 본적없어서 ㅠㅠ
경기 전 앞에까지 싹 올라오나요?"
455387,쿠플픽 보는데 손흥민 인터뷰하길래 광고타임인줄 알았는데,미니언즈,23.11.25,200,http://m.cafe.daum.net/rocksoccer/ADs2/455387?searchView=Y,소리 키니 손흥민하고 존똑이신분이셨네요  ㅋㅋㅋㅋㅋㅋㅋ
455374,ㅋㅋㅋ제주전 쿠플게스트로 왠 탁사마인가했더니 제주도민 끄덕,광배근,23.11.25,290,http://m.cafe.daum.net/rocksoccer/ADs2/455374?searchView=Y,ㅋㅋㅋ
455124,베트남에서 쿠플 시청가능하나요?,서울★SSID,23.11.22,"1,041",http://m.cafe.daum.net/rocksoccer/ADs2/455124?searchView=Y,"갑자기 베트남 출장이 잡혀서 데이터 무제한신청 해놨는데 쿠플 시청 가능한지요?
ㅠㅜ 젤 중요한 수퍼매치가 토요일인데 쿠플로 못보면 억울할거 같음요.
예전에는 네이버로 보려고 했더니 막혀서 못봤던 기억이 있어서요. 아시는분 답변좀 부탁드릴께요"
455063,이번주 쿠플픽 게스트,Azpi,23.11.21,"1,466",http://m.cafe.daum.net/rocksoccer/ADs2/455063?searchView=Y,탁재훈
455034,와 ㅁㅊ 쿠플 이벤트 당첨됨여,돌고래 조아하는 김채원,23.11.20,"1,927",http://m.cafe.daum.net/rocksoccer/ADs2/455034?searchView=Y,
455007,[☆수원]조원희 쿠플픽 인터뷰 이제봤네요,롯데리아,23.11.19,"1,642",http://m.cafe.daum.net/rocksoccer/ADs2/455007?searchView=Y,"현역 복귀를 수원삼성으로 하려고 시도했다가
이임생이 나가면서 상황이 안좋아지던 차에 김도균
콜로 수엪을 갔다라..
왜 저는 핑계로밖에 안보이는걸까요…"
454884,(질문) 해외에서 시청하려면 VPN 뿐인가요?,뀨뀨로미,23.11.14,604,http://m.cafe.daum.net/rocksoccer/ADs2/454884?searchView=Y,"11월 마지막주 ~ 12월 첫째주에
해외출장(호주)을 가게 됐는데요
평소(?)였으면 해외출장 간다면 매우 기분 좋았을텐데
하필
- 37라운드 강원vs수원FC, 서울vs수원
- 2부리그 최종라운드
- 아챔 5라운드 인천vs요코하마
- 최종라운드 수원vs강원
- (아마도) 2부리그 플레이오프
이런 핵 중요한 시기에 출장을 가게 됐네요 🥺
에휴 야속한 회사 ㅠㅠ
패드 들고가서 틈틈히 볼 생각인데
해외에서는 네이버나 쿠플 중계 안됐던 것 같은데
저 경기들 보려면 VPN 방법 밖에 없을까요?
해외 즁계 플랫폼 기사를 본 기억이 나는데
그것도 몇년전이라 지금도 유효한지 모르겠네요
이쪽으로는 노하우(?)가 전혀 없어서
해외에서 리그 보시는 분 계시면 조언 좀 부탁드려요
어둠의 경로든, 요금 지출을 하든
끊김없이 잘 볼 수 있으면 뭐든 상관없네요
그리고 VPN 밖에 없다면
축구 보기엔 어느 VPN이 가장 좋을까요?"
454816,[K리그]K리그1 36라운드 공식 관중수(이번 시즌 평균관중 1만 이상 확정),이태석이승준,23.11.12,807,http://m.cafe.daum.net/rocksoccer/ADs2/454816?searchView=Y,"대전 vs 강원 8,000명
대구 vs 광주 12,222명
제주 vs 서울 6,039명
인천 vs 전북 11,912명
수원FC vs 수원 8,886명
이번 시즌 수원FC 홈경기 최다관중입니다.
울산 vs 포항 16,946명
36라운드 총 관중 - 64,005명
36라운드 평균관중 - 10,668명
2023시즌 총 관중(36라운드 기준) - 2,285,840명
2023시즌 평균관중(36라운드 기준) - 10,583명
지금까지 2023시즌 총 관중 228만 관중을 넘기면서
2023시즌 평균 관중 1만 이상을 확정지었습니다.
*현재 리그 시스템 상 한 시즌당 총 경기는 228경기이며 평균관중 1만 관중을 충족하기 위해서는 총 관중 228만 이상 관중이 집계되어야 합니다.
37라운드 매치업
11월 24일
19:30 인천 vs 울산 - 인천축구전용경기장
11월 25일
14:00 전북 vs 광주 - 전주월드컵경기장
14:00 제주 vs 대전 - 제주월드컵경기장(쿠플픽)
16:30 포항 vs 대구 - 포항스틸야드
16:30 서울 vs 수원 - 서울월드컵경기장(슈퍼매치)
16:30 강원 vs 수원FC - 강릉종합운동장"
454589,오늘 쿠플에서 울산 중계 안하나요?,박한울,23.11.12,311,http://m.cafe.daum.net/rocksoccer/ADs2/454589?searchView=Y,들어가서 보려니깐 안보이네요;;
454455,담주에 노빠꾸 탁재훈 쿠플ㅋㅋㅋㅋㅋㅋ,락싸가흥미니,23.11.12,120,http://m.cafe.daum.net/rocksoccer/ADs2/454455?searchView=Y,담주 완전 노빠꾸겟네요
454454,[움짤][수원FC vs 수원] 다음회차 쿠플픽 게스트 : 노빠꾸 탁재훈.gif,음교수2,23.11.12,936,http://m.cafe.daum.net/rocksoccer/ADs2/454454?searchView=Y,
454453,담주 쿠플픽 탁재훈 ㅋㅋㅋㅋㅋㅋㅋㅋㅋㅋ,님강등당해요조심,23.11.12,161,http://m.cafe.daum.net/rocksoccer/ADs2/454453?searchView=Y,ㅋㅋㅋㅋㅋㅋㅋㅋㅋㅋ
453960,쿠플픽 조원희 자책골 안보여주네요 ㅋㅋ,Andrew Suarez,23.11.12,124,http://m.cafe.daum.net/rocksoccer/ADs2/453960?searchView=Y,그거 기대햇는데 ㅋㅋ
453469,이번주 수원더비 쿠플픽 프리뷰쇼 게스트.jpg,이태석이승준,23.11.08,"1,048",http://m.cafe.daum.net/rocksoccer/ADs2/453469?searchView=Y,조원희 전 선수가 쿠플픽 게스트네요 ㄷㄷㄷ
452345,쿠플 시상식 내놔,포항스틸러스,23.11.04,59,http://m.cafe.daum.net/rocksoccer/ADs2/452345?searchView=Y,빨리 돌려
452321,쿠플 시상식 보여준다고 하네요,Maverick.,23.11.04,55,http://m.cafe.daum.net/rocksoccer/ADs2/452321?searchView=Y,준비시간 있으니까 곧 나올듯
452314,쿠플에선 시상식 안해주나요???,Leno,23.11.04,299,http://m.cafe.daum.net/rocksoccer/ADs2/452314?searchView=Y,티비조선2?? 안나오는데?? ㅠ
452313,쿠플 왜 시상식 안보여줌???,정휘인,23.11.04,236,http://m.cafe.daum.net/rocksoccer/ADs2/452313?searchView=Y,티비조선2는 또 뭔데
452024,쿠플 왜 킥오프 1분 지나고나서 보여줌?,정휘인,23.11.04,57,http://m.cafe.daum.net/rocksoccer/ADs2/452024?searchView=Y,이게 뭔 ㅋㅋㅋㅋㅋㅋ
451258,유럽에서 지금하는 FA컵 볼 방법없나요,guccienvyme,23.11.01,48,http://m.cafe.daum.net/rocksoccer/ADs2/451258?searchView=Y,쿠플은 안되네요..
451195,36라운드 쿠플픽은 수원 더비네요,이태석이승준,23.11.01,464,http://m.cafe.daum.net/rocksoccer/ADs2/451195?searchView=Y,ㅈㄱㄴ
449947,[움짤][강원 vs 제주] 오늘의 쿠플픽 게스트 : 샤프 김은중 감독.gif,음교수2,23.10.28,244,http://m.cafe.daum.net/rocksoccer/ADs2/449947?searchView=Y,
449913,[움짤][강원 vs 제주] 쿠플픽 데뷔전 치르는 이상윤 해설위원.gif,음교수2,23.10.28,246,http://m.cafe.daum.net/rocksoccer/ADs2/449913?searchView=Y,
449254,쿠플에서 아챔 중계 해주나요?,첨피,23.10.24,594,http://m.cafe.daum.net/rocksoccer/ADs2/449254?searchView=Y,해왼데 어디서 봐야할까요 ㅜㅜ힝구
449228,38라운드까지 강등확정팀 안나오면 38라운드 쿠플픽 강원 수원이라네여,수원삼성조유리,23.10.24,"1,240",http://m.cafe.daum.net/rocksoccer/ADs2/449228?searchView=Y,헉…
449163,[K리그]K리그1 34라운드 공식 관중수,이태석이승준,23.10.22,831,http://m.cafe.daum.net/rocksoccer/ADs2/449163?searchView=Y,"포항 vs 인천 4,944명
광주 vs 울산 5,553명
대구 vs 전북 12,211명
서울 vs 강원 11,638명
이번 시즌 전 경기 1만 이상 관중 기록중입니다.
제주 vs 수원 4,875명
이번 경기로 이번시즌 제주 홈경기 총 누적관중 10만명을 돌파하였습니다.
대전 vs 수원FC 9,474명
34라운드 총 관중수 - 48,425명
34라운드 평균 관중수 - 8,071명
2023시즌 총 누적 관중수(34R 기준) - 2,163,627명
2023시즌 평균 관중수(34R 기준) - 10,606명
35라운드 매치업
10월 28일 토요일
14:00 전북 vs 포항 - 전주월드컵경기장
16:30 광주 vs 인천 - 광주축구전용경기장
16:30 강원 vs 제주 - 강릉종합운동장(쿠플픽)
10월 29일 일요일
14:00 울산 vs 대구 - 울산문수축구경기장
14:00 수원 vs 대전 - 수원월드컵경기장
16:30 수원FC vs 서울 - 수원종합운동장"
448498,쿠플 경기 넘나들기 힘들지 않나요,잔소리 봇,23.10.21,330,http://m.cafe.daum.net/rocksoccer/ADs2/448498?searchView=Y,"뒤로 빠졌다가 다시 들어가야 해서 귀찮음
바로바로 다른 경기 클릭할 수만 있으면 진짜 아무 불만 없는데"
448471,쿠플 일시정지 중이었는데 갑자기 스스로 재생됨ㄷㄷ,잔소리 봇,23.10.21,130,http://m.cafe.daum.net/rocksoccer/ADs2/448471?searchView=Y,"저 노트북에서 다섯걸음은 떨어져 있고
조작할 수 있는 어떤 장치도 없음ㄷㄷ"
446966,쿠플은 2개 동시 시청가능하죠?,버츠비,23.10.08,227,http://m.cafe.daum.net/rocksoccer/ADs2/446966?searchView=Y,"하나는 서울 전북 경기보고
하나는 뭐 틀어놓지 ㄷㄷㄷㄷㄷ"
446066,[K리그]K리그1 31 & 32라운드 공식 관중수(32라운드 기준 200만 돌파),이태석이승준,23.10.01,472,http://m.cafe.daum.net/rocksoccer/ADs2/446066?searchView=Y,"이 글을 올리기에 앞서 원래 31라운드 공식 관중수를 지난 주에 올려야 했으나 제가 속초로 여행 중이었어서 각 경기 관중수만 업로드하고
31라운드 관중수 총정리를 업로드하지 못하였습니다. 이 부분에 대해서 미리 말씀드리지 못해서 죄송합니다.
그래서 이번에 31라운드, 32라운드 공식 관중 수 모두 업로드하겠습니다!!
31라운드
대전 vs 수원 14,810명
대전 홈경기 누적관중 20만명을 돌파하였습니다.
제주 vs 서울 7,205명
수원FC vs 울산 7,809명
광주 vs 전북 7,303명
기존 원정 구역인 S석쪽 좌석 재개방 후 첫 경기이며 이번 시즌 세번째 매진입니다.
강원 vs 인천 10,047명
강원 홈경기 누적관중 10만명을 돌파하였습니다.
대구 vs 포항 11,858명
올 시즌 DGB대구은행파크 8번째 매진입니다.
31라운드 총 관중수 59,032명
31라운드 평균 관중수 9,839명
2023시즌 누적 관중수(31라운드 종료 기준) 1,952,852명
2023시즌 평균 관중수(31라운드 종료 기준) 10,499명
32라운드
포항 vs 울산 14,640명
이번 시즌 포항 홈경기 최다 관중이며
이번 시즌 스틸야드 세번째 매진입니다.
수원FC vs 서울 7,194명
전북 vs 대구 14,963명
인천 vs 수원 15,040명
이 경기로 2023시즌 190경기 만에 누적 관중 200만 관중을 돌파하였습니다.
2018년 유료관중 집계 시작 이후 첫 200만 관중 돌파입니다.
강원 vs 대전 9,326명
제주 vs 광주 6,130명
32라운드 총 관중수 67,293명
32라운드 평균 관중수 11,216명
2023시즌 누적 관중수(32라운드 종료 기준) 2,020,145명
(2018년 유료관중 집계 시작 이후 첫 200만 관중 돌파)
2023시즌 평균 관중수(32라운드 종료 기준) 10,522명
다음 33라운드 매치업
10월 8일 일요일
15:00 울산 vs 인천 - 울산문수축구경기장
15:00 대구 vs 수원FC - DGB대구은행파크
15:00 서울 vs 전북 - 서울월드컵경기장(쿠플픽)
15:00 수원 vs 포항 - 수원월드컵경기장
15:00 광주 vs 강원 - 광주축구전용경기장
15:00 대전 vs 제주 - 대전월드컵경기장"
445290,[움짤][수원FC vs 서울] 다음주 쿠플픽 게스트 : 나선욱.gif,음교수2,23.09.30,330,http://m.cafe.daum.net/rocksoccer/ADs2/445290?searchView=Y,
445289,다음주 서울 vs 전북전 쿠플픽 게스트 나선욱,이태석이승준,23.09.30,270,http://m.cafe.daum.net/rocksoccer/ADs2/445289?searchView=Y,
445036,쿠플픽 뒤에 앉아있는 아나운서님 웃는거 예쁘다 ㄷㄷ,버츠비,23.09.30,343,http://m.cafe.daum.net/rocksoccer/ADs2/445036?searchView=Y,"그 원래 인터뷰하던 아나운서님아니고
다른분 같은데 ㄷㄷㄷ"
444987,낼 수원 FC vs FC 서울 쿠플픽 게스트,응애기,23.09.29,"1,247",http://m.cafe.daum.net/rocksoccer/ADs2/444987?searchView=Y,오킹과 안지현 치어리더
444950,[움짤]싱글벙글 케꿀잼쇼.gif,음교수2,23.09.27,"1,326",http://m.cafe.daum.net/rocksoccer/ADs2/444950?searchView=Y,"드디어 K리그 1호골을 넣고 좋아하는 유강현 / 축하받다가 요단강 건널뻔
그의 첫골에 자기가 골넣은것 그 이상으로 좋아하는 이민성 감독
똑같은 K리그1 데뷔골인데 웃지 못하는 카즈키
3경기 연속 PK 선방쇼를 보여주는 창근신
이제 이 모습을 다시 볼수 없어서 슬프기만합니다.
정작 골 못넣었을때는 그렇게 울어대더니 득점 성공하자 환하게 웃는 이남자와 그를 기다려주는 팬들
FC서울 데뷔골 넣고 축하받은지 얼마 안되었는데...
멀티골까지 넣어서 신나 죽는 이승모 / 모다구리는 서비스
병수형님 저도 그렇게 됐어요.
병진이형은 나가있... 아 아니 형 제발 골이라고 해줘.
K-다비드 라야의 패스길
요즘 폼 미친 전남을 물리친 폼 더 미친 파울리뇨 쇼타임
쿠플픽 데뷔 쇼케이스 치른 독두꺼비
게스트 빈 다이크 유빈
현역 랩퍼와 취미로 랩하는 사람의 만남
김민지 아나운서는 사랑입니다.
로메로 자책골을 예상했던 안현범
나 물마시고 있는거 아니다
마 내가 임마 서장이랑 어? 사우나도 하고 어? 밥도 먹고 어? 다 했어
광주FC는 어서빨리 정효캠을 풀어주세요
효버지의 간결한 볼터치
아 맞다 나 외국어 못하지. 그냥 안아주자
우리 회장님 넘어지셨다규 VAR 좀 보라규!!!!!
K- 서포터스의 기지가 발휘됐던 그날의 현장 / 관중분 부디 무탈하시길
시축행사에 쑥쓰럼타는 곽튜브
다음주에도 더 재미있는 에피소드를 만들어 보도록 하겠습니다.
추석 명절 잘 보내시길.."
444400,쿠플 멀티뷰 없는거 맞죠?,잔소리 봇,23.09.24,61,http://m.cafe.daum.net/rocksoccer/ADs2/444400?searchView=Y,"왜 안만들어줄까
UI 개판인거보다 시급한게 멀티뷰인듯"
444107,쿠플 저만 끊기나요??,인천서포터즈,23.09.24,63,http://m.cafe.daum.net/rocksoccer/ADs2/444107?searchView=Y,인천 경기 보고있는데 2~3분에 한번씩 버퍼 걸리고 반응이 없어서 계속 재접속 하네요
443787,[K리그]9/24(일) 광주vs전북 쿠플픽 게스트,하이네켄,23.09.23,852,http://m.cafe.daum.net/rocksoccer/ADs2/443787?searchView=Y,"Nobody Nobody But You~짝👏 짝👏
원더걸스 유빈, 쿠플픽 게스트로 출연!
9월 24일(일) 오후 12시 45분 광주 FC vs 전북 현대 아시아챔피언스리그 티켓을 향한 두 팀의 물러날 수 없는 승부!"
442819,acl ott tv로 보시는분들 어디서보시요..?,호롤로로,23.09.20,216,http://m.cafe.daum.net/rocksoccer/ADs2/442819?searchView=Y,"자취방에 큰 티비가 있는데..
오티티만 되는ㄷ 쿠플에서못보네요ㅜㅜ"
442341,아챔 쿠플 중계 안해요??,Gunnersaurus,23.09.19,300,http://m.cafe.daum.net/rocksoccer/ADs2/442341?searchView=Y,왜 없지
442264,아챔 온라인 중계있나요?,차범근,23.09.19,344,http://m.cafe.daum.net/rocksoccer/ADs2/442264?searchView=Y,쿠플은 안보이던데ㅠ
442105,[K리그]K리그1 30라운드 공식 관중수,이태석이승준,23.09.17,615,http://m.cafe.daum.net/rocksoccer/ADs2/442105?searchView=Y,"전북 vs 강원 10,620명
서울, 울산에 이어 세번째로 올 시즌 누적관중 20만 관중을 돌파하였습니다.
인천 vs 제주 8,433명
포항 vs 수원FC 7,469명
울산 vs 대전 17,237명
서울 vs 광주 20,165명
올 시즌 전 경기 1만 이상 관중이 집계되었습니다.
수원 vs 대구 11,048명
30라운드 총 관중수 74,972명
30라운드 평균 관중수 12,495명
2023시즌 누적 관중수 1,893,820명
(유료관중 집계 이후 단일 시즌 최다 관중 기록)
(종전 기록 2019시즌 1,827,061명)
2023시즌 평균 관중수 10,521명
31라운드 매치업
9월 23일 토요일
14:00 대전 vs 수원 - 대전월드컵경기장
16:30 제주 vs 서울 - 제주월드컵경기장
9월 24일 일요일
14:00 수원FC vs 울산 - 수원종합운동장
14:00 광주 vs 전북 - 광주축구전용경기장(쿠플픽)
16:30 강원 vs 인천 - 강릉종합운동장
19:00 대구 vs 포항 - DGB대구은행파크"
440549,[K리그]K리그1 30~33R 방송사 및 중계진,이태석이승준,23.09.07,556,http://m.cafe.daum.net/rocksoccer/ADs2/440549?searchView=Y,"30R
9월 16일 토요일
14:00 전북 vs 강원 JTBC G&S - 미정
14:00 인천 vs 제주 sky sports - 박봉서 이황재
16:30 포항 vs 수원FC IB스포츠 - 미정
19:00 울산 vs 대전 sky sports - 소준일 박문성
9월 17일 일요일
14:00 서울 vs 광주 sky sports - 배성재 이상윤
16:30 수원 vs 대구 JTBC G&S - 미정
31R
9월 23일 토요일
14:00 대전 vs 수원 JTBC G&S - 미정
16:30 제주 vs 서울 sky sports - 박봉서 이상윤
9월 24일 일요일
14:00 수원FC vs 울산 JTBC G&S - 미정
14:00 광주 vs 전북 sky sports - 소준일 이상윤, 쿠플픽 중계진 미정
16:30 강원 vs 인천 IB스포츠 - 미정
19:00 대구 vs 포항 sky sports - 박봉서 이황재
32R
9월 30일 토요일
14:00 포항 vs 울산 JTBC G&S - 미정
14:00 수원FC vs 서울 sky sports - 소준일 박문성, 쿠플픽 중계진 미정
16:30 전북 vs 대구 sky sports - 박봉서 이상윤
19:00 인천 vs 수원 sky sports - 김용남 이황재
10월 1일 일요일
14:00 강원 vs 대전 JTBC G&S - 미정
16:30 제주 vs 광주 IB스포츠 - 미정
33R
15:00 울산 vs 인천 JTBC G&S - 미정
15:00 대구 vs 수원FC 온라인 중계(TV방송사는 미정) - 중계진 미정
15:00 서울 vs 전북 sky sports - 소준일 이상윤, 쿠플픽 중계진 미정
15:00 수원 vs 포항 온라인 중계(TV방송사는 미정) - 박봉서 박문성
15:00 광주 vs 강원 온라인 중계(TV방송사는 미정) - 김용남 이황재
15:00 대전 vs 제주 IB스포츠 - 미정
쿠플픽
31R 9월 24일 14:00 광주 vs 전북
32R 9월 30일 14:00 수원FC vs 서울 *수원FC 첫 쿠플픽
33R 10월 8일 15:00 서울 vs 전북"
438777,[움짤]K리그 진짜 쉽지 않습니다.gif,음교수2,23.08.30,"2,154",http://m.cafe.daum.net/rocksoccer/ADs2/438777?searchView=Y,"헤딩은 신장이 아닌 점프력이라는걸 보여주는 이승우
사상 초유의 잔디 싱크홀
사실상 2023 K리그 MVP
그리고 이 상황이 그저 신기한 이승우와 음포쿠
K리그 마지막경기를 치른 대전의 아들 배준호
오랜만에 발동한 대구의 고자기 고재현
아 죄송합니다. 제가 펀칭을 처음해봐서........
언제나 유쾌한 이상윤 해설위원
현재 포항에서 주가 최고점 찍는 홍윤상의 2경기 연속골
교체투입 7분만에 장착한 미사일 발포하는 알리바예프
이호재의 찬스 무산이 그저 아쉬운 김기동 감독
김기동 감독이 윤정환 감독에게 1따봉 적립해준 이유는 무엇이었을까?
곧있으면 슈퍼매치인데 호흡맞추는 조영욱 - 강현묵
제가 이래뵈도 센터백입니다.
부산의 미운우리새끼 프랭클린
쿠플픽 최초 10회 출연달성에 성공한 홍명보 감독
쿠플픽 최초 출연인데 표정은 한 200회정도 출연한듯한 김진규 감독대행
김영권 재산노리고 친해진건 아니라는 장동민
한주만에 돌아온 쿠플픽 안방마님 김민지 아나운서
몰래 직관하려다 카메라에 딱걸린 소준일 캐스터
김진규 감독대행에게 첫골 선물하는 일류첸코
헤이 클. 나 주민규여. 왜 나 안뽑아??
상암팬들 미치게 만드는 방법을 아는 윌리안
엄청난 점수차로 이기고 있어도 경기내용이 마음에 안들면 표정에 바로 들어나는 이남자
그러나 팬들은 누구보다 사랑하는 이남자
극장골은 리그1에만 있다?? 오우 노우 여기가 더 많아
0대2에서 해트트릭 만들어서 김포팬들 미치게 만드는 루이스
치사하게 키도큰데 스피드까지 장착한 조르지
다음에도 좀더 재미있는 에피소드로 찾아올께요
안뇽"
438713,9월3일 제주vs전북 쿠플픽 취소,King of asia ULSAN,23.08.30,"1,055",http://m.cafe.daum.net/rocksoccer/ADs2/438713?searchView=Y,"일반 중계로 전환
사유 태풍땜시"
438488,[K리그]K리그1 28라운드 공식 관중수,이태석이승준,23.08.27,902,http://m.cafe.daum.net/rocksoccer/ADs2/438488?searchView=Y,"수원FC vs 인천 3,236명
전북 vs 대전 11,224명
대구 vs 제주 12,136명
올 시즌 DGB대구은행파크 7번째 매진입니다.
강원 vs 포항 9,063명
이번 경기로 이번 시즌 강원 홈경기 평균관중 6천명대로 올랐습니다.
서울 vs 울산 27,051명
올 시즌 전 경기 1만명 이상의 관중이 찾아오셨습니다.
광주 vs 수원 5,014명
28라운드 총 관중수 67,724명
28라운드 평균 관중수 11,287명
2023시즌 누적 관중수 1,737,549명
2023시즌 평균 관중수 10,343명
29라운드 매치업
9월 1일 금요일
19:00 대전 vs 수원FC - 대전월드컵경기장
19:30 대구 vs 강원 - DGB대구은행파크
9월 2일 토요일
16:30 수원 vs 서울 - 수원월드컵경기장
19:00 인천 vs 포항 - 인천축구전용경기장
9월 3일 일요일
16:30 울산 vs 광주 - 울산문수축구경기장
19:00 제주 vs 전북 - 제주월드컵경기장(쿠플픽)"
438448,다음주 쿠플픽 대장정 ㄱ고생을 ㅋㅋㅋ,제주마씸,23.08.27,"1,492",http://m.cafe.daum.net/rocksoccer/ADs2/438448?searchView=Y,
438439,9/3 쿠플픽 배성재-황덕연,박종윤팬,23.08.27,645,http://m.cafe.daum.net/rocksoccer/ADs2/438439?searchView=Y,역사적인? 중계조합
438438,속보) 황덕연 제주 vs 전북 쿠플픽에서 현장중계 복귀 ㄷㄷㄷ,이태석이승준,23.08.27,744,http://m.cafe.daum.net/rocksoccer/ADs2/438438?searchView=Y,ㅈㄱㄴ
438046,다음주 쿠플픽 제주-전북,박종윤팬,23.08.27,331,http://m.cafe.daum.net/rocksoccer/ADs2/438046?searchView=Y,배거슨 배텐에서 제주간다고함
438045,쿠플픽 프리뷰쇼 시작 ㄷㄷㄷㄷㄷㄷㄷㄷㄷ,버츠비,23.08.27,203,http://m.cafe.daum.net/rocksoccer/ADs2/438045?searchView=Y,"사실상 홍명보쇼 ㄷㄷㄷㄷㄷㄷㄷㄷ
매번 게스트인듯 ㄷㄷㄷㄷ
김진규도 처음으로 등장하는건가 ㄷㄷㄷ 재밌겠따"
438040,오늘 쿠플 장동미 나온다네예,케빈대북라이너,23.08.27,702,http://m.cafe.daum.net/rocksoccer/ADs2/438040?searchView=Y,그까이꺼 대충 중계하면 되는거지
438032,월간락싸 팟캐스트 피드백 받습니다,채화,23.08.27,257,http://m.cafe.daum.net/rocksoccer/ADs2/438032?searchView=Y,"락싸회원들과 제 지인들 그리고 우리끼리 체크해본
결과 다충 이정도인듯 합니다
키보드소리 들어가서 오디오가 겹친다
말하고 있는사람이 누군지 모르겠다
'스읍~ 스읍~'하는 추임새 줄이기
라이트팬들이 모르는 단어(ex. 쿠플픽= 해축팬들,입문자는 뭔지 모를수있음)설명 해달라
의견을 말하는도중 리액션(맞습니다,좋습니다)자제 요첫 (오디오가 겹친다)
딕션챙겨라
목소리도 못생겼다
더 피드백 받습니다"
437914,쿠플로 경남경기 보시는분 계십니까,Madrid,23.08.26,165,http://m.cafe.daum.net/rocksoccer/ADs2/437914?searchView=Y,저는 1분마다 화면 시커매지면서 렉걸리는데 다들 그러신가요?
436513,이게 추꾸미다 못봐서 아쉽,Bazilak Kal Kuksu,23.08.21,188,http://m.cafe.daum.net/rocksoccer/ADs2/436513?searchView=Y,"쿠플 대전포항 풀 하이라이트보고 든 생각은
저거네요 ㅋㅋㅋ 이게 추꾸에요 크.. 아쉽네 ㅋㅋ"
436512,[☆포항]포항분들 쿠플에 풀영상 떳어요,Alexander Ian Grant,23.08.21,381,http://m.cafe.daum.net/rocksoccer/ADs2/436512?searchView=Y,후반 정주행 가입시다
436501,2분으로는 담지 못했던 쿠플..,별이삼샵,23.08.20,"2,318",http://m.cafe.daum.net/rocksoccer/ADs2/436501?searchView=Y,
436491,[K리그]K리그1 27라운드 공식 관중수,이태석이승준,23.08.20,935,http://m.cafe.daum.net/rocksoccer/ADs2/436491?searchView=Y,"수원 vs 제주 7,258명
인천 vs 광주 5,870명
울산 vs 전북 30,756명
올 시즌 울산 홈경기 최다 관중,
올 시즌 울산 홈경기 첫 3만 이상 관중,
올 시즌 총 관중 20만 관중을 돌파하였습니다.
강원 vs 수원FC 10,503명
지난 24라운드(수원전 11,084명)에 이어
두번째로 많은 관중이자 두번째 1만 이상 관중이 찾아오셨습니다.
서울 vs 대구 17,800명
올 시즌 서울 홈경기 전 경기 1만 이상 기록중,
올 시즌 총 관중 30만 관중을 돌파하였습니다.
포항 vs 대전 7,287명
27라운드 총 관중수 79,474명
27라운드 평균 관중수 13,246명
2023시즌 누적 관중수 1,669,825명
2023시즌 평균 관중수 10,308명
28라운드 매치업
8월 25일 금요일
19:00 수원FC vs 인천 - 수원종합운동장
19:30 전북 vs 대전 - 전주월드컵경기장
8월 26일 토요일
19:00 대구 vs 제주 - DGB대구은행파크
19:30 강원 vs 포항 - 강릉종합운동장
8월 27일 일요일
19:00 서울 vs 울산 - 서울월드컵경기장(쿠플픽)
19:30 광주 vs 수원 - 광주축구전용경기장"
436224,K리거 유럽 빅리그 갈 선수 정보좀요,만두쓰,23.08.20,243,http://m.cafe.daum.net/rocksoccer/ADs2/436224?searchView=Y,"쿠플로 k리그 챙겨보고 있는데 수준도 높고 재밌더라구요 어제 울산대전북 경기도 재밌었습니다
혹시 이선수는 유럽 빅리그 갈 재목이다 하는 케이리거 선수있을까요?
그 선수 주목해서 경기보면 더 재밌을것 같아서요"
435951,쿠플에서 풀경기다시보기 어떻게하나요?,lgxj20,23.08.19,194,http://m.cafe.daum.net/rocksoccer/ADs2/435951?searchView=Y,울산전북다시보고싶은데 2분하일라이트만있네요?
435825,[움짤][울산 vs 전북] 다음 쿠플픽 게스트 : 축구 지니어스 장동민.gif,음교수2,23.08.19,535,http://m.cafe.daum.net/rocksoccer/ADs2/435825?searchView=Y,
435823,다음 쿠플픽 초대손님 (장동민) fc서울vs울산현대,King of asia ULSAN,23.08.19,48,http://m.cafe.daum.net/rocksoccer/ADs2/435823?searchView=Y,장동민 나옴
435822,28라운드 서울 vs 울산 쿠플픽 게스트 장동민 ㄷㄷㄷㄷ,이태석이승준,23.08.19,37,http://m.cafe.daum.net/rocksoccer/ADs2/435822?searchView=Y,ㄷㄷㄷㄷ
435364,[움짤][울산 vs 전북] 쿠플 뉴페이스 김희주 아나운서.gif,음교수2,23.08.19,454,http://m.cafe.daum.net/rocksoccer/ADs2/435364?searchView=Y,
435358,[★울산][울산 vs 전북] 김승규 그 장면에서 카메라 돌려버리는 쿠플픽.gif,음교수2,23.08.19,789,http://m.cafe.daum.net/rocksoccer/ADs2/435358?searchView=Y,
435346,[★전북][울산 vs 전북] 쿠플픽이 아직은 어색한 단버지.gif,음교수2,23.08.19,622,http://m.cafe.daum.net/rocksoccer/ADs2/435346?searchView=Y,
435345,[★울산][울산 vs 전북] 쿠플픽 최다 출연자 홍명보 감독.gif,음교수2,23.08.19,267,http://m.cafe.daum.net/rocksoccer/ADs2/435345?searchView=Y,
435339,[★울산]쿠플 해설콤비 등판 정용검 한준희,울산골수빠,23.08.19,369,http://m.cafe.daum.net/rocksoccer/ADs2/435339?searchView=Y,
435336,[★울산]쿠플게스트 정성호 등판!!,울산골수빠,23.08.19,784,http://m.cafe.daum.net/rocksoccer/ADs2/435336?searchView=Y,
434620,[K리그]K리그1 26라운드 공식 관중수,이태석이승준,23.08.13,986,http://m.cafe.daum.net/rocksoccer/ADs2/434620?searchView=Y,"전북 vs 수원 14,216명
강원 vs 울산 8,369명
지난 24라운드 수원전(11,084명) 이후 두 번째로 많은 관중이 찾아오셨습니다.
제주 vs 수원FC 5,443명
대전 vs 서울 13,290명
인천 vs 대구 9,349명
이번 경기로 올 시즌 홈경기 누적관중 10만 관중을 돌파하였습니다.
포항 vs 광주 7,206명
26라운드 총 관중수 57,873명
26라운드 평균 관중수 9,646명
2023시즌 누적 관중수 1,590,351명
2023시즌 평균 관중수 10,195명
27라운드 매치업
8월 18일 금요일
19:30 수원 vs 제주 수원월드컵경기장
19:30 인천 vs 광주 인천축구전용경기장
8월 19일 토요일
19:00 울산 vs 전북 울산문수축구경기장(쿠플픽)
19:00 강원 vs 수원FC 강릉종합운동장
19:30 서울 vs 대구 서울월드컵경기장
8월 20일 일요일
19:00 포항 vs 대전 포항스틸야드"
433968,근데 진짜 쿠플 ui 님들 안불편하신가요,잔소리 봇,23.08.12,75,http://m.cafe.daum.net/rocksoccer/ADs2/433968?searchView=Y,"저는 다른거보댜 경기 넘어다니기가 매우 불편
화면분할은 고사하고 옆에 타경기 링크 좀 넣어주지"
433662,[K리그]K리그1 27~29라운드 쿠플픽 일정(제주 첫 출연),이태석이승준,23.08.09,526,http://m.cafe.daum.net/rocksoccer/ADs2/433662?searchView=Y,"27라운드 울산 vs 전북
28라운드 울산 vs 서울
29라운드 제주(첫 쿠플픽) vs 전북"
433629,쿠플에 경기 연기라고 나오네요.,금새록,23.08.09,426,http://m.cafe.daum.net/rocksoccer/ADs2/433629?searchView=Y,쿠피셜  뜸
432103,페트레스쿠 감독 기자회견 시작,이태석이승준,23.08.03,264,http://m.cafe.daum.net/rocksoccer/ADs2/432103?searchView=Y,쿠플 ㄱㄱㄱ
431979,전북 오픈트레이닝 보고계신가요,Leno,23.08.02,647,http://m.cafe.daum.net/rocksoccer/ADs2/431979?searchView=Y,쿠플에서 해주고 있습니당
431793,오 지금 쿠플 상암 항공샷 엄청 멋지네요,Leno,23.07.30,148,http://m.cafe.daum.net/rocksoccer/ADs2/431793?searchView=Y,"나무들이 울창해서 ㄷㄷ
그리고 외국 구장들 몇군데 가봤는데
상암도 월클급이긴 하죵"
431549,요새 k리그가 핫한게 체감이되는게,빈살만,23.07.28,579,http://m.cafe.daum.net/rocksoccer/ADs2/431549?searchView=Y,"각종 매체나 쿠플이 흥한것도있지만
평소 케이리그 이야기 아예안하고 잘모르던 지인들도 케이리그 하이라이트는 한번씩 보는가봐요ㅋㅋㅋ
특히 울산,광주,대전 축구가 재밌다는 이야기들이 많네요"
431517,쿠플 어제 경기 하이라이트나 풀영상은 없는건가요?,K리그1평화왕,23.07.28,563,http://m.cafe.daum.net/rocksoccer/ADs2/431517?searchView=Y,"작년에도 없던거 같기도 하고
기억이 잘안나네요
딴건 모르겠고
엄마 영탁 보여줘야되는데...ㅋㅋㅋ"
431497,쿠플이 K리그 선택한게 왜이리 고마운지 ㅠㅠ,캐스커,23.07.27,"1,196",http://m.cafe.daum.net/rocksoccer/ADs2/431497?searchView=Y,"솔까
이렇게 진심으로 해줄줄은 몰랐음
쿠플에게 큰절함 ㅎㅎ"
431492,쿠플이 오늘 저지른 만행들(널리퍼트려주십쇼),뭐라고하지,23.07.27,"5,477",http://m.cafe.daum.net/rocksoccer/ADs2/431492?searchView=Y,"-킥오프 한시간 반 전부터 프리뷰쇼 시작
-매치별 게스트 적절 섭외(AT마드리드:라리가 생활한 리춘수,맨시티:홀란 남매 엄란드,파리:파비생제르맹 파비앙)
-시메오네,미린다 단독인터뷰
-하프타임쇼 아이들 섭외(축구화 착용)
-다양한 카메라 설치,드론촬영(상암경기장 주변 전경 포함 경기중에도 사용)
-무승부 대비 승부차기 이벤트 준비(이건 쿠팡이 한건지는 모르겠음ㅋㅋ)
-지상파나 케이블채널처럼 수훈선수인터뷰 패스하지않고 르마,그리즈만,이순민 인터뷰 충분히함(질문은 약간 아쉬웠지만)
-경기 후 기자회견까지 풀 라이브 내보냄
-경기 후 간소한 콘서트 개최(태민,몬스타엣스 셔누x형원,영탁)
-작년부터 해외인기클럽초청해서 국내에서 맞대결 성사
-프리시즌 거의 전경기 중계
-FA컵 전경기 중계(그 전에는 중계안되는것도 많았음)
-5년간 라리가 독점중계
-리그앙 올시즌 온라인 단독중계
-그리스,벨기에리그 중계(홍현석,황인범 출전)
이 모든게 한달에 4,990원(쿠팡와우도 동시사용)"
431454,이제 축구중계는 쿠팡이 다 독점 했으면 좋겠네요~~,K리그가 미래다,23.07.27,723,http://m.cafe.daum.net/rocksoccer/ADs2/431454?searchView=Y,"쿠팡 K리그 중계 뿐만 아니라 축구중계가
고퀄리티로 구성이 너무 좋네요~~~
진짜 연구 많이한거 같아요~
올시즌 K리그도 잘 보고 있는데~
쿠팡 지금 폼이라면 앞으로 중계기술 더 진보할거 같은데.
앞으로 K리그 경기뿐만 아니라 국대경기도 다 독점 했으면 좋겠어요~~
이정도 중계 퀄리티면 쿠플 가성비 너무 좋은거 같아요~
한달 10000원까지 올려도 볼수 있을듯요~"
431453,쿠플 기자회견도 보여줌.,레오빠드,23.07.27,104,http://m.cafe.daum.net/rocksoccer/ADs2/431453?searchView=Y,여러가지 시도 많이 하네요.
431444,Psg 전북 경기시간 추후 변경 가능,레오빠드,23.07.27,"1,303",http://m.cafe.daum.net/rocksoccer/ADs2/431444?searchView=Y,"좀전에 쿠플에서 Psg 전북 경기시간 추후 변경 가능으로 떳네요.
날씨보고 야간 경기 가능성도 있네요.
바꼈음 좋겠는데"
431383,경기 끝나고도 공연 있다니 와,우왁굿,23.07.27,527,http://m.cafe.daum.net/rocksoccer/ADs2/431383?searchView=Y,쿠플 혜자네요
431232,저는 전혀 안 끊기는데 회선 속도차이일까요?,우왁굿,23.07.27,102,http://m.cafe.daum.net/rocksoccer/ADs2/431232?searchView=Y,"스마트tv로  내장된 쿠플 어플로 보고 있습니다.
엘지유플 1기가 인터넷이고요.
전혀 끊긴 적이 없어요.
1기가인데도 끊기시는 분 계신가요?"
431009,락싸인이라면 쿠플 구독합시다,우왁굿,23.07.27,82,http://m.cafe.daum.net/rocksoccer/ADs2/431009?searchView=Y,"쿠팡이 국내축구 중계도 잘해주고
하프타임쇼도 멋있게 꾸며주는데
한달 5천원 저렴하지 않나요? 이정도면 괜찮은거 같은데"
430763,쿠플 엄청 끊겨요,ganadara,23.07.27,150,http://m.cafe.daum.net/rocksoccer/ADs2/430763?searchView=Y,"볼수가 없는 지경인데.
저만 그러나요?"
430749,쿠플 화질??,치킨에는맥주,23.07.27,112,http://m.cafe.daum.net/rocksoccer/ADs2/430749?searchView=Y,티비로 보는중인데 평상시보다 화질이 더 좋은느낌이네요 ㄷㄷ
430725,쿠플 틀어놨는데 k리그 광고 제대로 뽑았네요 ㅋㅋㅋ,Alexis Sanchez,23.07.27,356,http://m.cafe.daum.net/rocksoccer/ADs2/430725?searchView=Y,올시즌 케이리그 열기 대단한거 같아요 진심
430575,쿠플 수수료만해도 짭짤하겠어요,이너피스,23.07.25,743,http://m.cafe.daum.net/rocksoccer/ADs2/430575?searchView=Y,"당일 취소 아니면 무조건 수수료라니 진짜 너무하네...
psg 전북 보러가려다 일정이 확실치 않아 다시 취소하는데  하루사이 벌써 10퍼 수수료 ㅠ"
427801,쿠팡은 올 시즌 크리그 포텐 터지는거 예상하고 투자 했을까?,Bazilak Kal Kuksu,23.07.16,"2,689",http://m.cafe.daum.net/rocksoccer/ADs2/427801?searchView=Y,"쿠팡에서 진짜 고퀄중계 및 프리뷰등 정말 축덕으로
행복사하기 직전임
쿠팡은 코로나 직전부터 뭔가 감지하고 투자했을까?
뜬금없이 네이버중계 없애고 쿠팡 독점한다했을때
의외였는데 결과적으로 대성공인거 같다
아직까진 얼마나 수익이나고 쿠플이나 쿠팡자체적으로나 이득인지는 모르겠지만
리그팬으로 감사할따름이다 ㅠㅠ
지금 이 열기도 쿠팡의 관심도 오래 지속됐음하는
바람일뿐..
단 하나 작은 소망이 있다면..
내 작은 부산도 올 해는 풀옵까지 가길.."
427623,쿠플 제발 중계 끊지 말아줘 제발 !!,이명박,23.07.15,133,http://m.cafe.daum.net/rocksoccer/ADs2/427623?searchView=Y,
426791,요새 K리그 넘 재밌음,RightNow,23.07.13,640,http://m.cafe.daum.net/rocksoccer/ADs2/426791?searchView=Y,"서울 살지만 특정 구단 팬이 아니라서 관심이 덜 했었는데
(그래도 FC 서울 직관은 매년 3번 정도씩은 간듯)
요새 쿠플에서 하고 나서
경기 다시 보기 , 하이라이트 , 골 장면 보는 것도 편하고
일단 옛날처럼 안되면 뻥 때리고 달려가고 계속 파울 나고 이런 느낌이 아니라
전술적으로 트렌드를 쫒아가려는 감독이 많네요.
후방 빌드업 , 팀 단위 압박이나 라인 컨트롤 하는 팀도 많고
다 똑같은 뻔한 축구가 아니라
요새 너무 재밌어요.
그리고 체감상 주변에 직관 가는 여자팬들도 꽤 늘은 느낌?
예전엔 K리그하면 아쉽게도 '야구에 밀린다' '재미없다'란 인식이 관심 없는 사람 사이에서 많았거든요.
아직 국내 제 1의 스포츠는 야구가 맞겠지만
요새 K리그는 재밌다는 인식이 늘고 여성팬들 유입도 많아져서 볼거리가 많아져서 좋네요.
옛날에 K리그 안 볼 때는 유럽 빅리그 끝난 여름은 노잼이었는데
요샌 K리그가 있어서 주말이 심심하지 않네요"
426753,"[K리그]쿠플 K리그 인트로 주민규, 문선민, 나상호 투입 / 황의조, 조규성, 기성용 교체아웃.gif",음교수2,23.07.13,"1,584",http://m.cafe.daum.net/rocksoccer/ADs2/426753?searchView=Y,"3R부터 쿠플 유투브 인트로 투입
20R 황의조 서울과 작별 후 주민규 투입
22R 조규성 미트윌란 이적 후 문선민 투입과 동시에 나상호 투입 / 이청용 & 이승우 리뉴얼"
425932,근데 방송사는 다 달라도 쿠플에서 다 찍고있는거죠???,취미요리,23.07.12,269,http://m.cafe.daum.net/rocksoccer/ADs2/425932?searchView=Y,ㅈㄱㄴ
425828,수원 포항 티비중계 없나요??,사라비아요,23.07.12,134,http://m.cafe.daum.net/rocksoccer/ADs2/425828?searchView=Y,쿠플만 있나요?ㅠㅠ
424443,전반기 쿠플픽 끝이네요,박종윤팬,23.07.08,147,http://m.cafe.daum.net/rocksoccer/ADs2/424443?searchView=Y,올스타 휴식기 이후에 돌아오는듯
424132,오늘 쿠플픽 피디가 미리 시말서 쓰다고했는데ㅋㅋㅋㅋㅋㅋㅋㅋ,김지우,23.07.08,452,http://m.cafe.daum.net/rocksoccer/ADs2/424132?searchView=Y,ㄹㅇ노빠구ㅋㅋㅋㅋㅋㅋㅋㅋㅋㅋㅋㅋ아슬아슬했음ㅋㅋㅋㅋㅋㅋㅋ
424129,쿠플픽 조성룡 입갤 ㅋㅋㅋㅋ,울산현대호랑이축구단,23.07.08,192,http://m.cafe.daum.net/rocksoccer/ADs2/424129?searchView=Y,과연 조성룡의 징크스는 어케 될 것인가?!?!?!
424128,승요 조성룡 ㅋㅋㅋㅋㅋ,미니언즈,23.07.08,53,http://m.cafe.daum.net/rocksoccer/ADs2/424128?searchView=Y,"쿠플픽에도 언급 해줬네요 ㅋㅋ
16전 무패 ㄷㄷ"
424126,요즘 K리그 쿠플픽 꿀잼이네 ㅋㅋㅋㅋ,Bazilak Kal Kuksu,23.07.08,73,http://m.cafe.daum.net/rocksoccer/ADs2/424126?searchView=Y,"지난번 조나탄도 재밌더만
흥궈신 ㅋㅋㅋㅋㅋㅋㅋㅋㅋ
블랙앤화이트 드립에 챗창 ???? 도배되는것도
개웃기네 ㅋㅋㅋㅋ"
424112,흥궈신 : 거마비 정도 주면 매번 쿠플픽 올수 있음,안양윤두준,23.07.08,145,http://m.cafe.daum.net/rocksoccer/ADs2/424112?searchView=Y,
424093,[★울산][포항 vs 울산] 사실상 쿠플픽 고정게스트급인 홍명보 감독.gif,음교수2,23.07.08,475,http://m.cafe.daum.net/rocksoccer/ADs2/424093?searchView=Y,
424092,"쿠플픽 김기독감독: 고영준 선발,백성동 교체",별이삼샵,23.07.08,196,http://m.cafe.daum.net/rocksoccer/ADs2/424092?searchView=Y,정보방출
424088,쿠플픽 데스크 바뀜!!,이태석이승준,23.07.08,704,http://m.cafe.daum.net/rocksoccer/ADs2/424088?searchView=Y,좀 더 쿠플스러워진 느낌??
424087,드디어 기다리고 기다리던 포항 쿠플픽!,미니언즈,23.07.08,114,http://m.cafe.daum.net/rocksoccer/ADs2/424087?searchView=Y,시작~~~~합니다!!!
423798,쿠플픽 동해안더비 게스트 흥궈신 얘기가 있던데,음교수2,23.07.06,"1,153",http://m.cafe.daum.net/rocksoccer/ADs2/423798?searchView=Y,"진짜에요??
진짜면 ㅋㅋㅋㅋㅋㅋㅋㅋㅋㅋㅋㅋㅋ"
423704,동해안더비 해설진 근황,라인타는김승대,23.07.05,"2,138",http://m.cafe.daum.net/rocksoccer/ADs2/423704?searchView=Y,"쿠플픽 정용검 한준희
스카이스포츠 배성재 이상윤
1,2위 싸움이라고 중계진 몰빵인가 ㅋㅋㅋ"
423483,[☆포항]근데 정용검 다음 쿠플픽 경기 또 중계 맡아서 할려나,라인타는김승대,23.07.03,456,http://m.cafe.daum.net/rocksoccer/ADs2/423483?searchView=Y,"원래 정용검 배성재 번갈아가면서 하는걸로 아는데 이번에 정용검 슈퍼매치랑 울산 광주 2번 했으니 배성재가 중계 맡을려나...근데 그렇다기엔 정용검이 흥켈메 오피셜 때릴때 ""진행을 어떻게 해야될지 걱정인데"" 라고 언급한거 보면 울산 포항도 정용검이 맡아서 할려나..?"
423462,[★광주]쓰기 싫었지만 쓰는 울산전 직관 후기 : 골을 먹어도 하필이면,이으뜸(광주FC),23.07.02,791,http://m.cafe.daum.net/rocksoccer/ADs2/423462?searchView=Y,"운좋게 쿠플픽 방송하는 거 직관했네요. ㅎㅎ  이정효 감독 - 홍명보 감독 - 조나단 순으로 직관
효버지 생일이라 팬들이 생일축하 노래도 불러주고, 분위기 좋았는데.
홍명보 감독 얼굴 보니까 짜증이 올라 오더라구요.
경기는 아쉽게 분패. 전북전 로테 돌리면서 정의 구현에 나섰지만,
오히려 속죄골을 넣게 해줘 버렸네요.
진짜 짜증이.
물론 이제 앞으로 해당 선수들이 반성하고, 개선하는 모습을 보여주면 된다고 생각해서, 선수들에겐 더 뭐라 안하는데.
지금까지 일련의 과정을 만들었던 연맹, 울산 구단, 코치진들에게 본때를 못 보여준게 원통하더라구요.
식빵 진짜 골을 먹혀도 당사자에게 먹혀서
속죄 세레머니 하게 만드냐.
경기 종료 후 인사해준 김태환 선수 감사합니다. (김민혁은 안 온거 같네요. 내가 못봤나)
김태환 선수는 프로구단은 광주를 거치지 않았지만, 고향팀에 인사와줘서 고맙더라구요.
(경기중엔 태환선수 제발 빡치지 마라고 계속 빌었음. 엄지성이랑 같은 라인쪽이라.)
상위권으로 치고 나갈 기회에 번번히 제동이 걸려서 아쉽네요.
올라갈 팀은 올라가는데, 아직 우리 실력이 부족하긴 한 가 봐요.
다음 광주 홈경기가 하필 대구전이라 머리가 지끈 ㅠㅜ
이번엔 징크스 이겨내 봅시다!"
423459,[K리그]K리그1 20라운드 공식 관중수,이태석이승준,23.07.02,745,http://m.cafe.daum.net/rocksoccer/ADs2/423459?searchView=Y,"전북 vs 제주 12,175명
대구 vs 수원삼성 12,175명
올 시즌 5번째 매진이며
서울, 울산, 전북, 대전, 수원삼성에 이어 6번째로 누적관중 10만 관중을 넘었습니다.
서울 vs 대전 22,637명
올 시즌 7번째로 2만 이상 관중이 찾아왔으며
올 시즌 전 경기 1만 이상 관중이 찾아왔습니다.
광주 vs 울산 5,982명
지난 전북전에 이어 두번째로 매진되었습니다.(S석 미개방)
그리고 평균관중 4천명대로 올랐습니다.
포항 vs 수원FC 5,441명
인천 vs 강원 5,076명
20라운드 총 관중수 63,486명
20라운드 평균 관중수 10,581명
2023시즌 총 누적 관중수 1,240,877명
2023시즌 평균 관중수 10,341명
K리그1 21라운드 일정
7월 7일 금요일
제주 vs 대구 19:30 제주월드컵경기장
강원 vs 광주 19:30 강릉종합운동장
7월 8일 토요일
포항 vs 울산 18:00 포항 스틸야드 - 동해안 더비, 쿠플픽
수원FC vs 인천 19:00 수원종합운동장
전북 vs 서울 19:30 전주월드컵경기장
7월 9일 일요일
대전 vs 수원삼성 19:00 대전월드컵경기장"
423088,ㅋㅋㅋㅋㅋㅋㅋㅋㅋㅋ 쿠플 대박이네요,Montella,23.07.02,153,http://m.cafe.daum.net/rocksoccer/ADs2/423088?searchView=Y,하프타임 이렇게 재밌게 본적이없는데 개꿀잼이네요 ㅋㅋㅋㅋㅋㅋㅋ
423021,광주울산 경기 해설캐스터 다른가요?,구태양님,23.07.02,271,http://m.cafe.daum.net/rocksoccer/ADs2/423021?searchView=Y,"쿠플이랑 일반 티비랑
해설과 캐스터라인이 달라요?"
422995,[★광주][광주 vs 울산] 쿠플픽 조나단의 독한 프로필.gif,음교수2,23.07.02,618,http://m.cafe.daum.net/rocksoccer/ADs2/422995?searchView=Y,
422991,[★울산][광주 vs 울산] 쿠플픽 최다 출연자 홍명보 감독.gif,음교수2,23.07.02,671,http://m.cafe.daum.net/rocksoccer/ADs2/422991?searchView=Y,
422990,쿠플픽 보다가 몸에 소름돋음...,윤비트,23.07.02,569,http://m.cafe.daum.net/rocksoccer/ADs2/422990?searchView=Y,"울산팬인데도
매력 개쩌는 이정효"
422983,[K리그][광주 vs 울산] 광주에 처음 선보이는 쿠플픽 리뷰쇼.gif,음교수2,23.07.02,408,http://m.cafe.daum.net/rocksoccer/ADs2/422983?searchView=Y,
422982,광주vs울산 쿠플픽 프리뷰 시작 ㄱㄱ,Bazilak Kal Kuksu,23.07.02,24,http://m.cafe.daum.net/rocksoccer/ADs2/422982?searchView=Y,게스트 조나단 ㅋㅋ
422952,광주 울산전 쿠플픽 조나단이네요?,전당,23.07.01,712,http://m.cafe.daum.net/rocksoccer/ADs2/422952?searchView=Y,광주의 아들 ㄷㄷ
421734,[★전북]엥 오늘 쿠플에서 전북경기 안해줘요?,데이빗베컴이,23.06.28,368,http://m.cafe.daum.net/rocksoccer/ADs2/421734?searchView=Y,ㅈㄴㄱ
421616,지금 팀K리그VS ATM 티켓 매진일까요?,서울트레블,23.06.27,842,http://m.cafe.daum.net/rocksoccer/ADs2/421616?searchView=Y,지금 쿠플앱 들어갔는데 티켓 구매하기 칸이 없네요..
421341,쿠플로도 전체 다시보기 볼수없나요?,요미요밍,23.06.25,145,http://m.cafe.daum.net/rocksoccer/ADs2/421341?searchView=Y,ㅈㄱㄴ
420630,[K리그][수원 vs 서울] 다음주 쿠플픽 : 광주의 아들 조나단 출격.gif,음교수2,23.06.24,761,http://m.cafe.daum.net/rocksoccer/ADs2/420630?searchView=Y,
420629,담주 쿠플픽 조나단 ㅋㅋㅋㅋㅋ,Leno,23.06.24,62,http://m.cafe.daum.net/rocksoccer/ADs2/420629?searchView=Y,오 섭외력 ㅋㅋㅋ
420628,와 쿠플픽 조나단 ㄷㄷ,정구너,23.06.24,60,http://m.cafe.daum.net/rocksoccer/ADs2/420628?searchView=Y,
420326,공중파였음 하프타임쇼 안보여주고 광고만 틀었겠죠?,Kangin,23.06.24,316,http://m.cafe.daum.net/rocksoccer/ADs2/420326?searchView=Y,"경기 외적으로 경기장 보여주는 거 좋네요
갓쿠플"
419681,[☆수원]쿠플픽 -이번주 슈퍼매치 게스트 박재정,박종윤팬,23.06.19,845,http://m.cafe.daum.net/rocksoccer/ADs2/419681?searchView=Y,나무위키에 올라왔네요 ㅎㅎ
419381,이번 여름에 방한하는 외국팀들 다 정해졌죠?,ganadara,23.06.13,473,http://m.cafe.daum.net/rocksoccer/ADs2/419381?searchView=Y,"오늘 쿠플 일정이랑 예매일도 나왔던데..
혹시 올여름 방한하는 팀들 또 있을까요?"
419114,[K리그]K리그1 18라운드 공식 관중 수,No.25 한찬희,23.06.11,418,http://m.cafe.daum.net/rocksoccer/ADs2/419114?searchView=Y,"대구 vs 수원FC 11,457명
이번 시즌 네번째 매진을 기록하였습니다.
다음 홈 경기에서 5035명 이상 찾아온다면
서울, 울산, 전북, 대전에 이어 5번째로 10만 관중을 달성하게 됩니다.
울산 vs 제주 20,190명
올 시즌 세번째 2만 이상 관중이 찾아왔습니다.
대전 vs 광주 8,390명
강원 vs 전북 6,114명
지난 2라운드 울산전(6,199명) 이후 가장 많은 관중이 찾아왔습니다.
FC서울 vs 포항 18,108명
이번 경기로 총 관중 20만명대를 돌파하였습니다.
수원삼성 vs 인천 7,066명
18라운드 총 관중 71,265명
18라운드 평균관중 11,878명
다음 19라운드 매치업
6월 24일 토요일
16:30 수원삼성 vs FC서울 - 수원월드컵경기장(쿠플픽)
18:00 제주 vs 대전 - 제주월드컵경기장
19:00 광주 vs 전북 - 광주축구전용구장
19:30 울산 vs 대구 - 울산문수축구경기장
6월 25일 일요일
16:30 인천 vs 포항 - 인천축구전용경기장
19:00 수원FC vs 강원 - 수원종합운동장"
417936,이번라운드 쿠플픽 없는거 맞나요?,맞춤법 봇,23.06.10,307,http://m.cafe.daum.net/rocksoccer/ADs2/417936?searchView=Y,"그런거같은디
울산 저번라운드 했으니 이번엔 서울포항이 적당한거같은디"
416889,"쿠팡플레이, 축구의 본질을 꿰뚫다⚽️",믿는다이장관,23.06.05,"1,008",http://m.cafe.daum.net/rocksoccer/ADs2/416889?searchView=Y,"https://news.coupang.com/archives/28052/
쿠팡플레이, 축구의 본질을 꿰뚫다⚽️ - 쿠팡 뉴스룸
대중과 축구팬을 모두 사로잡은 쿠플픽. 그 뒤엔 쿠팡플레이 스포츠팀이 있습니다. 그 비하인드 스토리를 전해드립니다.
news.coupang.com"
416769,보통 쿠플 풀경기 몇 시간 뒤에 올라오나요.?,고추파티,23.06.04,52,http://m.cafe.daum.net/rocksoccer/ADs2/416769?searchView=Y,2시간정도면 올라오나요??
415984,[☆수원]데이터 쓸 가치도 없어서 쿠플 끕니다,엄지공주 오무지,23.06.03,291,http://m.cafe.daum.net/rocksoccer/ADs2/415984?searchView=Y,"만회골 넣어도
후회없음
그정도의 경기임"
415528,쿠플 안드로이드 팝업형태론 안뜨는거죠?,Leno,23.06.03,216,http://m.cafe.daum.net/rocksoccer/ADs2/415528?searchView=Y,힝 밖이라.. 경기 전면으로 켜놔야겠네요
415493,쿠플 중계때 좋은 점 한가지.txt,zoodasa,23.06.03,411,http://m.cafe.daum.net/rocksoccer/ADs2/415493?searchView=Y,"경기장 안/밖의 팬들 모습
경기장 전경 보여주는건 물론이고
홈팀/원정팀 가리지 않고 팬들 모습, 아이들 모습 보여주는거 너무 좋음"
415469,[K리그][전북 vs 울산] 쿠플픽에 흠뻑쑈가 ㄷㄷㄷㄷㄷㄷ.gif,음교수2,23.06.03,"2,453",http://m.cafe.daum.net/rocksoccer/ADs2/415469?searchView=Y,
415466,[K리그][전북 vs 울산] 오늘의 쿠플픽 게스트 : 엄란드.gif,음교수2,23.06.03,532,http://m.cafe.daum.net/rocksoccer/ADs2/415466?searchView=Y,
415463,[★울산][전북 vs 울산] 쿠플픽이 사랑하는 남자 홍명보.gif,음교수2,23.06.03,738,http://m.cafe.daum.net/rocksoccer/ADs2/415463?searchView=Y,
415462,쿠플픽 오늘 첨보는데 재밌네요,첨피,23.06.03,136,http://m.cafe.daum.net/rocksoccer/ADs2/415462?searchView=Y,홀란드도 빨리 나왔으면
415439,스틸야드 동해안더비 쿠플픽이라는데,라인타는김승대,23.06.03,445,http://m.cafe.daum.net/rocksoccer/ADs2/415439?searchView=Y,게스트 누구 올려나 김흥국이랑 개그맨 박경호 올거 같다는 말 많던데
415396,[K리그]16R 쿠플픽 게스트 : 엄지렐라,음교수2,23.06.02,920,http://m.cafe.daum.net/rocksoccer/ADs2/415396?searchView=Y,
415240,쿠플픽 잠깐 나오는 것도 인터뷰 라이브가 힘든데,포항스틸러스,23.05.30,365,http://m.cafe.daum.net/rocksoccer/ADs2/415240?searchView=Y,유튜브 라이브에 안익수라....
414754,연맹이 욕먹고 추진했던게 어느 정도 성공하고 있어서 신기함 ㅋㅋ,캐스커,23.05.28,"2,759",http://m.cafe.daum.net/rocksoccer/ADs2/414754?searchView=Y,"1. 유료관중 집계(입장한 실관중 중에 유료관중만 집계)
: 아니 야구는 물론이고 해외에서도 하지 않는 요상한 관중 집계를 해서 그나마 있는 관중수도 줄이냐며 불만이 많았지만 어느새 구단이 초대권을 줄이고 유료관중 비율을 실관중에 근접하게 만들고 있어 재정 건전성에 도움을 주는 중
2. 22세이하 출전룰
: 지금도 여전히 이견은 많지만 젊은 선수들에게 기회가 되는 거는 사실임. 부차적으로 연령별대회 성적도 좋아짐
물론 출전시간 문제든 개선될 여지도 많음
3. 온라인/모바일 쿠플 독점 중계
: 접근성을 제한 한다며 불만이 있었지만 현재까지는 순항중
근데..연맹아..
더 잘하자 ㅋㅋㅋ
우승 상금도 높이고"
414708,마틴아담=헤비케인,토마스 로시츠키,23.05.28,"1,020",http://m.cafe.daum.net/rocksoccer/ADs2/414708?searchView=Y,"ㅋㅋㅋㅋㅋ 쿠플로 보다가 채팅보고 혼자 터졋음 아까..
남의팀 경긴데 개꿀잼이었네요"
414706,현대가더비면 쿠플픽에 한준희 해설 박을줄 알았는데ㅠㅠㅠㅠ,zoodasa,23.05.28,616,http://m.cafe.daum.net/rocksoccer/ADs2/414706?searchView=Y,기대되는 경기에 솔직히 좀 아쉬운 해설진이네요ㅠㅠㅠ
413189,파컵 중계참고…,건희골넣을건희?,23.05.24,288,http://m.cafe.daum.net/rocksoccer/ADs2/413189?searchView=Y,모든 경기 쿠플중계 + 전북은 티비도 있음
411510,쿠플픽 나온 게스트들중에서 프리뷰 제일 잘하는 것 같음 ㅋㅋㅋㅋㅋ,철면피카츄,23.05.20,253,http://m.cafe.daum.net/rocksoccer/ADs2/411510?searchView=Y,역시 방송 짬은 무시 못하네요 ㅋㅋㅋㅋㅋㅋ
411401,오흔영 박사의 k리그 중독 치료법,수원삼성조유리,23.05.18,"1,460",http://m.cafe.daum.net/rocksoccer/ADs2/411401?searchView=Y,"https://youtube.com/shorts/M5UaGqrfMXA?feature=share
오흔영 박사의 K리그 중독치료법💉
수원삼성 중독 해소는 역시 직관이 답!🙌5월 21일(일) 18:00 울산전 많은 관심 부탁드립니다🙌⠀울산전 예매하기▼https://bit.ly/3IjSITU-#수원삼성 #쿠팡플레이 #쿠플픽 #오흔영 #이수지
www.youtube.com"
411163,쿠플픽 중계는 자체 제작인걸로 알았는데,시드니,23.05.14,750,http://m.cafe.daum.net/rocksoccer/ADs2/411163?searchView=Y,"오늘은 KBS 화면 그대로 송출된거죠?
각도가 넘 어지러웠네요 ㅜㅜ"
411139,작년부터 주구장창 얘기했지만 JTBC는 축구중계를 하자는건지 말자는건지 모르겠습니다.,음교수2,23.05.14,"1,179",http://m.cafe.daum.net/rocksoccer/ADs2/411139?searchView=Y,"현장음 줄이는건 기본이고
카메라 구도 안좋은건 뭐 1~2년이 아니죠. 벌써 몇년째 중계인데 전혀 나아지는게 없습니다.
그나마 정경호, 김형범, 김환, 차상엽 해설 들어와서 기존보다 해설진 퀄리티는 좋은데
가끔 한번씩 뇌절치는 중계진들보면 답이 안나와요.
그중 가장 심한게 임경진..
진짜 그래도 스카이랑 IB는 카메라 구도도 좀 바꿔가면서 나름 보여주려는 노력이 보이는데
JTBC는 그런게 전혀 안느껴져요.
다음시즌은 그냥 tvN이 하거나 쿠플 혼자했으면 좋겠어요."
411031,쿠플 ㅋㅋㅋㅋㅋ,임상협,23.05.14,748,http://m.cafe.daum.net/rocksoccer/ADs2/411031?searchView=Y,울산은 6번이나 해주면서 포항은 쿠플픽 0회 ㅋㅋㅋㅋㅋㅋㅋㅋㅋㅋㅋㅋㅋㅋㅋㅋ 팀 차별 대단하다 ㅋㅋㅋㅋㅋㅋㅋㅋ
410813,와 중계 화질 .,세인스,23.05.14,132,http://m.cafe.daum.net/rocksoccer/ADs2/410813?searchView=Y,"쿠플만 그런가요?
누가보면 2시경긴줄 알겠네..."
410808,쿠플 쌍라이트 뭔가요?,Clarence Seedorf,23.05.14,415,http://m.cafe.daum.net/rocksoccer/ADs2/410808?searchView=Y,눈 따갑네
410769,[K리그][울산 vs 서울] 다음주 쿠플픽 게스트 : 인천 혀드리블러 지상렬.gif,음교수2,23.05.14,969,http://m.cafe.daum.net/rocksoccer/ADs2/410769?searchView=Y,
410750,"추멘 ""쿠플픽? 쿠플픽이 뭐야?""",포항스틸러스,23.05.14,368,http://m.cafe.daum.net/rocksoccer/ADs2/410750?searchView=Y,"이 사람은 정말 신기하단말이야
ㅋㅋㅋㅋㅋㅋ"
410532,바코 골 락스포 당함ㅠㅠ,치타,23.05.14,111,http://m.cafe.daum.net/rocksoccer/ADs2/410532?searchView=Y,"쿠플 앱은 아직 크로스 올라가지도 않았는데
벌써 골 글 올라옴ㅋㅋㅋ"
410378,지상파는 이미 골이네요 ㅋㅋㅋ,Leno,23.05.14,186,http://m.cafe.daum.net/rocksoccer/ADs2/410378?searchView=Y,쿠플 흑 ㅋㅋㅋ
410350,[K리그][울산 vs 서울] 쿠플 카메라 구도.gif,음교수2,23.05.14,720,http://m.cafe.daum.net/rocksoccer/ADs2/410350?searchView=Y,
410346,지상파랑 쿠플 거의 30초 차이나네요 ㅠㅠㅠ,Leno,23.05.14,176,http://m.cafe.daum.net/rocksoccer/ADs2/410346?searchView=Y,"주니옹 못잃어서...
쿠플 보면서 지상파도 mute로 켜놔봤네요"
410311,포항 강원 수원fc 제주 쿠플픽 0회네요 ㅠ,박종윤팬,23.05.14,572,http://m.cafe.daum.net/rocksoccer/ADs2/410311?searchView=Y,반면 울산은 6회
410302,[K리그][울산 vs 서울] 오늘의 쿠플픽 게스트 : 한준희 대한축구협회 부회장.gif,음교수2,23.05.14,666,http://m.cafe.daum.net/rocksoccer/ADs2/410302?searchView=Y,
410293,[★울산][울산 vs 서울] 쿠플픽 최다 출연자 홍명보 감독 인터뷰중.gif,음교수2,23.05.14,383,http://m.cafe.daum.net/rocksoccer/ADs2/410293?searchView=Y,
410288,[★울산]울산 대 서울 쿠플라인업,울산골수빠,23.05.14,364,http://m.cafe.daum.net/rocksoccer/ADs2/410288?searchView=Y,정용검 한준희 임형철
410240,내일 쿠플픽 게스트?,bourbon,23.05.13,"1,970",http://m.cafe.daum.net/rocksoccer/ADs2/410240?searchView=Y,
410232,쿠플 케이리그는 결과 모른채 보는 루트는 없나요?,아이린,23.05.13,636,http://m.cafe.daum.net/rocksoccer/ADs2/410232?searchView=Y,"썸네일이나 제목에 결과없길래 센스있네 했는데
들어가자마자 바로 뜨네ㅋㅋ"
409607,쿠플 해설진 누군지 확인했는데,Leno,23.05.13,368,http://m.cafe.daum.net/rocksoccer/ADs2/409607?searchView=Y,"혹시나 주니옹일까봐 확인했는데
아니니 그냥 스브스 장지현 갑니다
꿀잼 가즈아"
409412,[★전북]전북수원 쿠플 풀영상 떴네용,그래가지고,23.05.10,726,http://m.cafe.daum.net/rocksoccer/ADs2/409412?searchView=Y,보고자야징
409148,쿠플 저만 안되나요,아이유FC,23.05.10,73,http://m.cafe.daum.net/rocksoccer/ADs2/409148?searchView=Y,계속 검은 화면 뜨네요 ㅡㅡ
408744,혹시 쿠플에 서울경기 풀영상 올라왔나요?,고추파티,23.05.09,281,http://m.cafe.daum.net/rocksoccer/ADs2/408744?searchView=Y,알려주실 분 계실까요
408527,현장이랑 tv랑 딜레이가 있네요ㄷㄷ,우왁굿,23.05.09,590,http://m.cafe.daum.net/rocksoccer/ADs2/408527?searchView=Y,쿠플을 거실서 tv로 보고 있는데 갑자기 바깥에서 환호성이 크게 들리더니 3~4초 뒤에 tv에서 골 넣는 장면이 나오네요 ㄷㄷ
408334,쿠플 언제부터 이게 됐대요? ㄷㄷ,캐스커,23.05.09,785,http://m.cafe.daum.net/rocksoccer/ADs2/408334?searchView=Y,"맨날 티비로 보다가
이런 앱화면 처음 봄 ㅎㅎㅎ"
408222,"[★울산]5월14일 울산vs서울 지상파,스스,쿠플픽 중계확정",King of asia ULSAN,23.05.08,787,http://m.cafe.daum.net/rocksoccer/ADs2/408222?searchView=Y,쿠팡에서 울산 너무 좋아하는데? 맨시티 or 꼬마팀 초청 대결 붙여줘라 디펜딩 챔피언 답게 대표로 붙어보자
406889,지상파중계나 관중 많으면 재미없는 경기 한다는게 K리그 국룰이었는데,캐스커,23.05.05,583,http://m.cafe.daum.net/rocksoccer/ADs2/406889?searchView=Y,"이번 시즌은 다 깨진듯..
지상파 중계 및 쿠플픽 경기 다 재밌고
(단 중계기술은 노잼)
관중 많은 경기도 거의 다 꿀잼"
406403,서울 전북 크브스 공중파 중계인가요??,크리스피도넛,23.05.05,335,http://m.cafe.daum.net/rocksoccer/ADs2/406403?searchView=Y,아니면 쿠플이 이영표 해설 영입한 건가...
406305,쿠플픽 근데 왜 서울vs전북이 아니고 대구vs울산일까여?,프린스,23.05.05,448,http://m.cafe.daum.net/rocksoccer/ADs2/406305?searchView=Y,수도권 비와서 그런가?
406279,쿠플픽이 좋은이유,울산현대호랑이축구단,23.05.05,168,http://m.cafe.daum.net/rocksoccer/ADs2/406279?searchView=Y,"직관 못가서 아쉬운마음 달래줌.
직관가면 1시간전부터 축제느낌의 기분좋은게 있는데 집관은 그게 없어서 아쉬움. 근데 집에서 쿠플픽 컨텐츠 틀어놓으면 그나마 아쉬움이 덜함"
406268,프리뷰 예솔이 등장,금새록,23.05.05,43,http://m.cafe.daum.net/rocksoccer/ADs2/406268?searchView=Y,쿠플픽ㄷㄷ
406263,[K리그][대구 vs 울산] 오늘의 쿠플픽은 2층에서.gif,음교수2,23.05.05,542,http://m.cafe.daum.net/rocksoccer/ADs2/406263?searchView=Y,
406066,[K리그]5월5일~6월5일 쿠플픽 중계,51581811,23.05.03,918,http://m.cafe.daum.net/rocksoccer/ADs2/406066?searchView=Y,"5월5일 대구fc vs 울산현대 배성재 / 한준희
5월14일  울산현대 vs fc서울 정용검 / 한준희
5월20일 인천utd vs 광주fc  한준희
6월3일 전북현대 vs 울산현대 배성재 / 한준희"
405979,[K리그]5월 5일 11라운드 대구 vs 울산 쿠플픽 배성재 한준희,더범,23.05.03,564,http://m.cafe.daum.net/rocksoccer/ADs2/405979?searchView=Y,
403821,근데 쿠플픽이 매주 있는건 아닌가보네요?,프린스,23.04.29,418,http://m.cafe.daum.net/rocksoccer/ADs2/403821?searchView=Y,이번주는 없는거같은데
402596,그나저나 11라운드 이후 쿠플픽 일정이 아직 안나왔네요...,No.25 한찬희,23.04.25,49,http://m.cafe.daum.net/rocksoccer/ADs2/402596?searchView=Y,언제쯤 나오려나...
401036,어린이날 쿠플픽 예솔이등장,금새록,23.04.22,961,http://m.cafe.daum.net/rocksoccer/ADs2/401036?searchView=Y,"쿠플 일 잘하네
더글로리에서 축구 찼던 썰도  좀 풀고ㅋㅋ
예솔이 백넘버 7번..
영국에 축구 유학 갔던  썰도 좀 풀고ㅋㅋ"
401034,다음 쿠플픽 게스트 ㄷㄷㄷ,키나페,23.04.22,758,http://m.cafe.daum.net/rocksoccer/ADs2/401034?searchView=Y,"예솔이
ㅋㅋㅋㅋㅋㅋㅋㅋㅋㅋㅋ
이거 대본을 어찌 만들지 ㅋㅋㅋㅋㅋ"
401030,[K리그][서울 vs 수원] 다음주 쿠플픽 게스트 / 어린이날 특집 : 하예솔.gif,음교수2,23.04.22,606,http://m.cafe.daum.net/rocksoccer/ADs2/401030?searchView=Y,
401020,쿠플픽은 골은 진짜 많이 터짐 ㅎㅎ,캐스커,23.04.22,68,http://m.cafe.daum.net/rocksoccer/ADs2/401020?searchView=Y,"오늘 골 수에 비해서
경기력은 좀 별로였는데
그래도 골은 많이 터짐 ㅎㅎㅎ"
400973,쿠플 아나운서,칼크로스,23.04.22,356,http://m.cafe.daum.net/rocksoccer/ADs2/400973?searchView=Y,선수교체때 뒤에서 살짝 보이는데 열심히 인터뷰 연습하는것 같음
400657,쿠플 걔속 끊기네요ㅠㅠ,아이유FC,23.04.22,38,http://m.cafe.daum.net/rocksoccer/ADs2/400657?searchView=Y,쿠플로 보고잇는대ㅠ
400579,지금 그럼 슈매에 중계팀 세팀 간건가요?,아이린,23.04.22,253,http://m.cafe.daum.net/rocksoccer/ADs2/400579?searchView=Y,"스브스
스카이스포츠
쿠플"
400562,쿠플 오늘 빵터지네요 ㅋㅋㅋㅋㅋㅋ,자자중요한건그게아니고,23.04.22,149,http://m.cafe.daum.net/rocksoccer/ADs2/400562?searchView=Y,정상훈 캐리 중 ㅋㅋㅋㅋㅋㅋㅋㅋㅋㅋ
400547,오늘 쿠플픽 개재밌네욬ㅋㅋㅋㅋㅋ,Shawn Heungderson,23.04.22,248,http://m.cafe.daum.net/rocksoccer/ADs2/400547?searchView=Y,"일단 snl크루들이 다들 평타이상 하는데
한준희 옹이 찰지게 잘받음ㅋㅋㅋㅋㅋ
용검 캐스터도 웃기고 ㅋㅋㅋㅋ"
400544,쿠플 세제믿윤ㅋㅋㅋㅋㅋㅋ,트레제게,23.04.22,59,http://m.cafe.daum.net/rocksoccer/ADs2/400544?searchView=Y,선넘네ㅋㅋㅋㅋ
400522,처진다처져 익수형,포항스틸러스,23.04.22,173,http://m.cafe.daum.net/rocksoccer/ADs2/400522?searchView=Y,쿠플픽엔 안어울려 ㅋㅋㅋ
400480,근데 쿠플픽이 의외로? 동해안 더비가 아니라 슈매네요?,프린스,23.04.22,769,http://m.cafe.daum.net/rocksoccer/ADs2/400480?searchView=Y,"동해안 더비를 쿠플픽 하는게 더 의외인건가?...
근데....슈매가 예전에 비하면...."
400357,[투표]쿠플 초청 경기 팀K리그로 출전하는 것에 대해 어떤 입장이세요?,대구강윤성,23.04.20,748,http://m.cafe.daum.net/rocksoccer/ADs2/400357?searchView=Y,"찬성 - K리그 올스타가 나오는 게 K리그 단일팀 출전보다 좋다.
반대 - 울산, 대전 등 K리그 단일팀이 출전하는 게 더 좋다."
400336,'맨시티-아틀레티코' 한국서 격돌... 올여름 쿠플시리즈도 '대박 예감',Azpi,23.04.20,"1,099",http://m.cafe.daum.net/rocksoccer/ADs2/400336?searchView=Y,"축구계 관계자는 20일 '풋볼리스트'를 통해 ""올여름 쿠팡플레이 시리즈로 맨시티와 아틀레티코가 한국을 찾는다""고 전했다. 맨시티와 팀 K리그, 맨시티와 아틀레티코 2경기가 열릴 예정이다""고 말했다.
https://v.daum.net/v/fVUzKL8ClX"
400191,한준희말대로 가칭 쿠플컵같은게 딱일듯,캐스커,23.04.19,"1,449",http://m.cafe.daum.net/rocksoccer/ADs2/400191?searchView=Y,"2~3개 초청팀 + 전년도 K리그 우승팀
K리그 우승팀은 주중경기 생겨서 일정상 손해를 보지만
K리그 우승상금 이상의 수익을 준다면 부족한 우승상금+@ 효과 있을 거 같아요"
400080,쿠플 승격 보고 있는데 재밌네요,fayewong,23.04.18,366,http://m.cafe.daum.net/rocksoccer/ADs2/400080?searchView=Y,"조유민 리더쉽 대단하군요.
국대에서도 잘하길 기대해보구요...
이민성 감독도  시즌 중후반 경질위기를 넘기고 승격이란 보물을 쟁취했으니
1부에서도 좋은 성과 기대할만한 팀웍과 정신력을 보여줄거 같네요"
399965,[기사]'맨시티 vs 팀 K리그' 열리나... 한국선수 없어도 빅클럽 초청하는 '쿠플 시리즈',바이언2,23.04.17,756,http://m.cafe.daum.net/rocksoccer/ADs2/399965?searchView=Y,"http://www.footballist.co.kr/news/articleView.html?idxno=165377
유럽축구 사정에 밝은 한 관계자 역시 '풋볼리스트'와 통화에서 ""아직 확정은 아니지만 맨시티가 한국
을 찾을 가능성이 높다. 세부 계약 사항이 남아있다. 쿠팡은 올여름 한국선수가 없어도 유럽 빅클럽들
을 데려오려고 노력 중이다""고 전했다.
(중략)
프로연맹 관계자는 ""쿠팡과 긴밀하게 이야기 중이다. K리그1 일정이 없는 7월 말을 활용할 수 있다. 지
난 시즌처럼 올스타 팀을 생각 중이다""고 말한 바 있다. 올해 K리그1은 7월 23일부터 8월 3일까지 2주
간 휴식기를  보낸다. 그 사이에 올스타전 성격의 경기를 배치해도 일정에 무리가 없다.
기존 올스타전이 비판 받던 이유 중 하나는 시즌 도중 이벤트 제안을 받고 부랴부랴 무리한 일정을 편
성했기 때문이었다. 올해는 쿠팡플레이 시리즈를 처음부터 염두에 두고 있다.
(중략)
영국 '익스프레스 앤 스타'의 보도에 따르면 울버햄턴은 올여름 미국 투어에서 한국을 방문하는 걸로
방향을 틀었다. 프리시즌을 위해 한국에서 다른 유럽 팀과 친선경기를 원하고 있다. 파리생제르맹(PS
G)도 초청팀 후보에 올랐지만 높은 초청비를 이유로 무산된 것으로 알려졌다."
399952,쿠플 승격 재밌나요??,fayewong,23.04.17,221,http://m.cafe.daum.net/rocksoccer/ADs2/399952?searchView=Y,쿠팡에 떠있어서 볼까 하는데 어떤가요
399535,오늘 쿠플 한준희 해설위원 + 캐스터 조합 좋고 신선했음,레오빠드,23.04.16,395,http://m.cafe.daum.net/rocksoccer/ADs2/399535?searchView=Y,"오늘 경기장 박진감 제대로 살려주는 해설이었음.
보는 맛 났음."
399524,ㄷㄷㄷ 다음주 쿠플픽 메시옴,Kangin,23.04.16,"2,821",http://m.cafe.daum.net/rocksoccer/ADs2/399524?searchView=Y,는 마포구 메시
399523,[K리그][대전 vs 울산] 다음주 쿠플픽 게스트 : 양꼬치 & 칭따오 정상훈.gif,음교수2,23.04.16,611,http://m.cafe.daum.net/rocksoccer/ADs2/399523?searchView=Y,
399224,쿠플픽은 웬만하면 다 재밌는듯,캐스커,23.04.16,235,http://m.cafe.daum.net/rocksoccer/ADs2/399224?searchView=Y,선택하는 경기마다 꿀잼 ㄷㄷ
399225,쿠플픽이 뭐에요?,Clarence Seedorf,23.04.16,344,http://m.cafe.daum.net/rocksoccer/ADs2/399225?searchView=Y,??
398948,[K리그][대전 vs 울산] 쿠플픽 게스트 : 지예은.gif,음교수2,23.04.16,384,http://m.cafe.daum.net/rocksoccer/ADs2/398948?searchView=Y,
398933,[★울산][대전 vs 울산] 쿠플픽 최다 출연자 : 홍명보 감독.gif,음교수2,23.04.16,455,http://m.cafe.daum.net/rocksoccer/ADs2/398933?searchView=Y,
398921,[☆대전]대전 쿠플픽 준비중,Enzo Fernandez,23.04.16,317,http://m.cafe.daum.net/rocksoccer/ADs2/398921?searchView=Y,쿠플픽 직관은 처음 입니다
398775,K리그1 11라운드 쿠플픽 대구vs울산,No.25 한찬희,23.04.15,396,http://m.cafe.daum.net/rocksoccer/ADs2/398775?searchView=Y,ㅈㄱㄴ
396373,쿠플 어떻게 보시나요?,ganadara,23.04.08,"1,498",http://m.cafe.daum.net/rocksoccer/ADs2/396373?searchView=Y,"저는 매주말 끝나면 다음이나 네이버 들어가서 축구 골장면이나 야구 주요장면 영상으로 보는데, 요새는 축구영상은 쿠플에만 나오니, 야구영상만 봐요. 쿠플은 생중계 볼때는 찾아보지만, 주요장면 보려고 들어가지는 않습니다.
다른 팬분들은 어떻게 생각하세요?
쿠플에 대해서요?"
396143,쿠플 이게왠횡제냐?ㅋㅋㅋ,울산현대호랑이축구단,23.04.08,"1,121",http://m.cafe.daum.net/rocksoccer/ADs2/396143?searchView=Y,국축중계하길 잘해찌?!
396137,쿠플 경기 마무리 임영웅 노래 + 임영웅 하이라이트로 끝내네요 ㅋㅋㅋㅋ,Leno,23.04.08,323,http://m.cafe.daum.net/rocksoccer/ADs2/396137?searchView=Y,엌ㅋㅋㅋ
395865,쿠플에서 하프타임쇼 예정,COYS💙,23.04.08,105,http://m.cafe.daum.net/rocksoccer/ADs2/395865?searchView=Y,아임히어로 등판
395861,쿠플픽은 광고가 없습니다,우왁굿,23.04.08,203,http://m.cafe.daum.net/rocksoccer/ADs2/395861?searchView=Y,와
395782,티비로 보면 임영웅 1도 안비춰줌..,아시아의호랑이,23.04.08,"1,257",http://m.cafe.daum.net/rocksoccer/ADs2/395782?searchView=Y,쿠플 마케팅 지리네요
395618,쿠플 오늘 초대손님이 많네요 대체 몇명째야 ㅋㅋㅋㅋ,Leno,23.04.08,380,http://m.cafe.daum.net/rocksoccer/ADs2/395618?searchView=Y,ㅋㅋㅋㅋㅋㅋㅋ
395543,쿠플에 최대 수해자는 준희옹,하나로마트,23.04.08,218,http://m.cafe.daum.net/rocksoccer/ADs2/395543?searchView=Y,그동안 공중파에서 어캐 참았담 ㅋㅋㅋㅋ
395540,쿠플픽 보면 ㅋㅋㅋ 주니옹도 개그욕심 많이내심 ㅋㅋㅋㅋ,Leno,23.04.08,122,http://m.cafe.daum.net/rocksoccer/ADs2/395540?searchView=Y,즐기심 ㅋㅋㅋㅋㅋㅋㅋ
395515,권혁수피셜) 생각보다 정신없는 쿠플픽 ㅋㅋ,미니언즈,23.04.08,278,http://m.cafe.daum.net/rocksoccer/ADs2/395515?searchView=Y,생방송에 성대모사 하랴 바람에 날아가는 대본 잡으며 읽으랴 ㅋㅋㅋㅋㅋㅋㅋ
395439,쿠플 tv로는 채팅화면 못보나요?,우왁굿,23.04.08,135,http://m.cafe.daum.net/rocksoccer/ADs2/395439?searchView=Y,"폰으론 채팅 화면 볼 수 있는데
tv로 보니 채팅화면 볼 수 없네요
채팅 보는 재미도 있는데.."
395433,쿠플픽 시작,Enzo Fernandez,23.04.08,81,http://m.cafe.daum.net/rocksoccer/ADs2/395433?searchView=Y,박종윤 등장
395397,오늘 서울 대구 쿠플픽은 권혁수 배우군여,Kangin,23.04.08,326,http://m.cafe.daum.net/rocksoccer/ADs2/395397?searchView=Y,진행시켜~~
395379,상암 가깝지만 귀가길 사람에 치이기 귀찮아서 집관 택했는데.. 두근두근 하네요,Leno,23.04.08,148,http://m.cafe.daum.net/rocksoccer/ADs2/395379?searchView=Y,"넘 재밌을듯 ㅋㅋㅋ
쿠플이 끊김없이 다 보여줬으면요 ㅋㅋㅋㅋ
임영웅! 임영웅!"
395212,[K리그]FC서울 vs 대구FC 쿠플픽 게스트 : 권혁수,음교수2,23.04.08,"1,118",http://m.cafe.daum.net/rocksoccer/ADs2/395212?searchView=Y,
395210,오늘 쿠플픽 프리뷰쇼 게스트,주바페,23.04.08,630,http://m.cafe.daum.net/rocksoccer/ADs2/395210?searchView=Y,권혁수 ㄷ ㄷ ㄷ
395068,쿠플픽 게스트 임영웅 힘들까요,나난나,23.04.05,755,http://m.cafe.daum.net/rocksoccer/ADs2/395068?searchView=Y,"임영웅은 힘들겠죠?
섭외만 되면 쿠플 시청률도 대박날텐데 ㅎㅎ
아줌마 팬들 이미 쿠팡 많이 하시겠지만 더 늘어날텐데
말이죠"
395062,"이번 대구-서울전 중계진 소준일,이상윤,박종윤,한준희라니ㄷㄷ ㅋㅋㅋ",대구강윤성,23.04.05,752,http://m.cafe.daum.net/rocksoccer/ADs2/395062?searchView=Y,"스카이스포츠 - 소준일, 이상윤
쿠플 - 박종윤, 한준희
미쳤다...ㄷㄷㄷㄷ
토욜 약속 다 취소해야겠다... 아 원래 없었지 참.."
395060,쿠플픽 서울vs대구 중계진 박종윤 한준희,Yelko,23.04.05,"1,507",http://m.cafe.daum.net/rocksoccer/ADs2/395060?searchView=Y,깍종윤 ㄷㄷ
394992,쿠플 중계 하프타임때 광고 없져?,어떤오후,23.04.04,536,http://m.cafe.daum.net/rocksoccer/ADs2/394992?searchView=Y,"지금까지 어떻게 진행됐나요??쿠플 자체 컨텐츠 했나요??
서울 대구 경기 하프타임때 영웅이 만약에 공연하면...안 보여줄까요?ㅋㅋㅋㅋㅜㅜ"
394812,이거 설마 임영웅 효과???,덴리,23.04.03,"2,791",http://m.cafe.daum.net/rocksoccer/ADs2/394812?searchView=Y,갑자기 쿠플픽???
394252,5라운드 쿠플픽 있었다면 어떤 경기였을거같으신가요,맞춤법 봇,23.04.02,254,http://m.cafe.daum.net/rocksoccer/ADs2/394252?searchView=Y,"그냥 심심해서 여쭤보는거임
대전서울?
제주울산?
전북포항?"
394198,6라 쿠플픽은,하나로마트,23.04.02,348,http://m.cafe.daum.net/rocksoccer/ADs2/394198?searchView=Y,"포항 광주로 해주면 안되나
프리뷰쇼 감독인터뷰만 봐도 극락일 것 겉은데"
394160,[K리그]다음주 쿠플픽 중계 일정,임선비,23.04.01,"1,688",http://m.cafe.daum.net/rocksoccer/ADs2/394160?searchView=Y,전북vs인천
393432,오 쿠플 화실 선택 할수 있네요,갈낙탕사라이,23.04.01,112,http://m.cafe.daum.net/rocksoccer/ADs2/393432?searchView=Y,1080으로 고정 해서 보니깐 화질 좋네용
393047,5라운드 쿠플픽 없는 건가요?,맞춤법 봇,23.04.01,110,http://m.cafe.daum.net/rocksoccer/ADs2/393047?searchView=Y,안보이는데 제가 못찾는건가
392902,(나무위키)쿠플픽 일정,No. 25 모드리춘,23.03.31,491,http://m.cafe.daum.net/rocksoccer/ADs2/392902?searchView=Y,
392896,이번중 쿠플픽 왜 안하나요?,나난나,23.03.31,184,http://m.cafe.daum.net/rocksoccer/ADs2/392896?searchView=Y,쿠플픽 기다리는 팬으로서 이번주 없는거 보고 상당히 아쉽네요ㅜㅜ
392307,님들 그거 앎?,덴리,23.03.24,958,http://m.cafe.daum.net/rocksoccer/ADs2/392307?searchView=Y,쿠플 화질 조정 생김
391599,근데 배성재는 왜 한준희랑 쿠플픽 경기 안하나요?,프린스,23.03.19,622,http://m.cafe.daum.net/rocksoccer/ADs2/391599?searchView=Y,울산vs전북 개막전만 하고 안하는거같은데?..
391210,쿠플픽이라 그런지 골장면 진짜 멋짐,캐스커,23.03.19,43,http://m.cafe.daum.net/rocksoccer/ADs2/391210?searchView=Y,
390919,스카이 스포츠 해설 벌써 잠오네요 ㅎ,임블리,23.03.19,201,http://m.cafe.daum.net/rocksoccer/ADs2/390919?searchView=Y,티비로 보고 있는데 쿠플로 봐야겠습니다.
390891,원래 쿠팡플레이 화질이 잘 안올라가나요?,짐느,23.03.19,187,http://m.cafe.daum.net/rocksoccer/ADs2/390891?searchView=Y,"넷플마냥 따로 설정하는건 없는거같은데
어제 청주경기는 잘올라가더니 지금 쿠플픽은 720에서 안올라가는느낌이네요ㅠㅠ"
390848,전체알람은 쿠플픽 경기만 때려주는군요,이연걸의 탈춤,23.03.19,56,http://m.cafe.daum.net/rocksoccer/ADs2/390848?searchView=Y,"배정된 방송 골라서 알람 켤수있는건 아는데
리그 전체 알람도 켤수있는 기능 있었으면 좋을듯"
390839,오늘 쿠플픽 게스트 더글로리의,로또,23.03.19,"1,276",http://m.cafe.daum.net/rocksoccer/ADs2/390839?searchView=Y,송혜교 따라하는 이수지
390532,쿠팡 제주 vs 서울 경기 플레이되나요???,인천서포터즈,23.03.18,317,http://m.cafe.daum.net/rocksoccer/ADs2/390532?searchView=Y,쿠플에서 해당 경기 들어가면 자꾸 오류나면서 볼 수가 없네요 ㅠㅜ 재생 버튼도 활성화됐는데....
390117,이번라운드 쿠플픽은 뭔가요,이연걸의 탈춤,23.03.18,240,http://m.cafe.daum.net/rocksoccer/ADs2/390117?searchView=Y,"대구 전북 v 수블 대전?
아니 제주 서울인가"
390062,[☆수원]이번라운드 수삼경기 왜 인기가 많죠?,정휘인,23.03.17,"1,030",http://m.cafe.daum.net/rocksoccer/ADs2/390062?searchView=Y,"개똥같은 경기력에 쿠플픽 뽑힌것도 이해가 안가는와중에
클린스만 사단은 왜 우리경기를..
이기제 조유민 보러오나..."
389980,다음 쿠플픽 수원vs대전인가요??,채화,23.03.15,654,http://m.cafe.daum.net/rocksoccer/ADs2/389980?searchView=Y,쿠플픽인데 재밌는경기 나왓으면...........
389503,[K리그][서울 vs 울산] 다음주 쿠플픽 초대석 : 더 클로리 이수지.gif,음교수2,23.03.12,"1,562",http://m.cafe.daum.net/rocksoccer/ADs2/389503?searchView=Y,
389034,쿠플픽 작가붙어서 확실히 다르네 ㅋㅋ,나난나,23.03.12,371,http://m.cafe.daum.net/rocksoccer/ADs2/389034?searchView=Y,"작가가 있으니 너무 재밌네요 ㅋㅋㅋ
신경 많이 쓴 티가 나요"
389018,쿠플픽 왜 배성재가 안하나요..?,프린스,23.03.12,370,http://m.cafe.daum.net/rocksoccer/ADs2/389018?searchView=Y,배성재는 개막전만 했던건가요?
388573,[☆포항]화질이 자꾸 왔다갔다,포항아처,23.03.11,54,http://m.cafe.daum.net/rocksoccer/ADs2/388573?searchView=Y,내 노트북이 이상한가 ㅠ 화질이 낮아졌다 높아졌다 하네요 쿠플
388570,쿠플은 팝업창 안되나요?,별 사탕,23.03.11,142,http://m.cafe.daum.net/rocksoccer/ADs2/388570?searchView=Y,안되는거쥬?
388264,쿠플픽에서 저는 프리뷰가 젤 좋네요,하나로마트,23.03.05,312,http://m.cafe.daum.net/rocksoccer/ADs2/388264?searchView=Y,"참여 하시는 감독들이 생각보다 더 솔직하고 진중하게 인터뷰해 주심.
특히 병근쌤 축구 보는 맛나게 인텁 잘 해주시네요."
387838,확실히 jtbc가 송출이 좀 안 좋은 거 같아요 j방송만 겁나 화질 딸리네 쿠플중계기준,엄지공주 오무지,23.03.05,104,http://m.cafe.daum.net/rocksoccer/ADs2/387838?searchView=Y,
387773,다음주 쿠플픽 예고 ㄷ ㄷ ㄷ,주바페,23.03.05,"1,241",http://m.cafe.daum.net/rocksoccer/ADs2/387773?searchView=Y,명보야 밥먹자 ㄷ ㄷ ㄷ
387769,"서울vs울산전 쿠플픽 프리뷰쇼 게스트 이태석,승준 아버지&리춘수",No.25 한찬희,23.03.05,86,http://m.cafe.daum.net/rocksoccer/ADs2/387769?searchView=Y,오오
387767,"[K리그][전북 vs 수원] 3R 쿠플픽 게스트 : 이을용, 이천수.gif",음교수2,23.03.05,440,http://m.cafe.daum.net/rocksoccer/ADs2/387767?searchView=Y,
387184,내년에 쿠플 농구도 먹어라ㅋㅋㅋ,Gary Lineker,23.03.05,181,http://m.cafe.daum.net/rocksoccer/ADs2/387184?searchView=Y,정용검 농구중계좀 보게 ㅋㅋㅋ
386974,맑눈광이라길래,클라우드 스트라이프,23.03.05,152,http://m.cafe.daum.net/rocksoccer/ADs2/386974?searchView=Y,맑눈광 팬이긴했는데. 그래도 맑눈광이라는 별명으로 불리는 유명인도 좀 있고 그래서 설마했는데 진짜 김아영이였네요ㅋㅋ 역시 쿠플
386973,맑눈광 찐으로 나오신 줄은 몰랐음 엌ㅋㅋ,스티븐엘리엇,23.03.05,102,http://m.cafe.daum.net/rocksoccer/ADs2/386973?searchView=Y,앜ㅋㅋㅋ쿠플
386944,슈퍼매티때도 쿠플픽 해주려나,서울의 아드리아노,23.03.05,153,http://m.cafe.daum.net/rocksoccer/ADs2/386944?searchView=Y,좋네요 이거 프리뷰쇼
386834,쿠플 이번주에는 화질이 다르네요?,호날두인성학원 원장,23.03.04,757,http://m.cafe.daum.net/rocksoccer/ADs2/386834?searchView=Y,"저만 그런지 화질이 좋아졌네요.
저번주는 약간 860dpi 이였다면 오늘은 1080dpi 느낌이네요.
좋아진듯. 이정도 화질이면
굿이지요"
386685,역대급 시작에 포털사이트에서 경기영상,강원오렌지.,23.03.04,178,http://m.cafe.daum.net/rocksoccer/ADs2/386685?searchView=Y,"못보는 이사태..
쿠플이나 유튜브 가서 봐야하니 안보게되네요.."
386658,쿠플 화질 좋네요!,엑셀시오르,23.03.04,85,http://m.cafe.daum.net/rocksoccer/ADs2/386658?searchView=Y,스카이스포츠 화질이랑 비교해보니 쿠플로 보는게 훨씬 고화질인듯 ㅎㅎㅎ 괜찮네요!!
386624,쿠플 중계해서 좋은점,Leno,23.03.04,464,http://m.cafe.daum.net/rocksoccer/ADs2/386624?searchView=Y,"경기 시간에 쿠플켜면 메인에 해당시간 케이리그 경기가 바로 뜨네요
라이트한 팬들이 뭐 볼거없나? 하고 켰다가 들어오긴 좋을듯요 ㅎ"
386571,아뭐야 인천경기 jtbc 스포츠채널에서 해줬네요??,그무언가,23.03.04,483,http://m.cafe.daum.net/rocksoccer/ADs2/386571?searchView=Y,안하는줄 알고 쿠플로 보고있었네 ㅡㅡ
386049,인천경기 쿠플로 티비연결해서 보시는분??,그무언가,23.03.04,115,http://m.cafe.daum.net/rocksoccer/ADs2/386049?searchView=Y,프레임 조금씩 끊기지 않나요??
386004,"[기사]쿠팡플레이와 ‘쿠플픽’, 2023 K리그를 즐기는 또 하나의 방법",바이언2,23.03.04,273,http://m.cafe.daum.net/rocksoccer/ADs2/386004?searchView=Y,"https://www.besteleven.com/news/articleView.html?idxno=216653
한국프로축구연맹 내부의 반응도 긍정적이다. 연맹 관계자는 “쿠플픽의 원활한 진행을 위해 쿠팡플레이와
함께 현장 제작과 구단협조를 추진하고 있다”라고 밝히며, 쿠팡플레이와 함께 “단순 경기 시청이 아니라 시
작 전부터 끝난 뒤까지 경기 외적으로 K리그를 즐길 수 있는 환경이 마련됐다”라고 평했다.
쿠팡플레이의 K리그 챙기기는 여기서 그치지 않는다. 구단 자체 콘텐츠를 자사 플랫폼에 업로드할 창구를
열어줬다. 쿠팡플레이 웹페이지나 어플리케이션으로 들어가 K리그를 검색하면, 구단이 자체 제작한 다큐
멘터리 영상들을 한꺼번에 모아 볼 수 있다. 인천 유나이티드의 <비상>, 대전 하나시티즌의 <승격>, FC 안
양의 <힘이 들 땐 고개를 들어 팬들을 봐라>, 성남 FC의 <우리의 도시 우리의 클럽> 등이 쿠팡플레이에 업
로드돼있다.
쿠팡플레이에 다큐멘터리 콘텐츠를 제공하고 있는 한 K리그 구단 홍보 관계자는 “쿠팡플레이의 K리그 상
영관에 들어간 거라고 보면 된다. 노출할 수 있는 플랫폼이 추가로 생겨 좋다. 다큐멘터리를 고품질로 제
작해도 거의 유튜브 밖에 방영할 곳이 없는 상황이다. 왓챠 등 다른 곳과도 접촉해 알아봤는데, 쿠팡플레
이가 연맹과 함께 진행을 해주었다. 오래 오래 영상을 두고 볼 수 있는 기회가 되어 반갑다”라며 쿠팡플레
이의 행보에 반색을 표했다."
385963,세번째 쿠플픽 경기는 수원-대전 경기네요,임선비,23.03.03,"1,196",http://m.cafe.daum.net/rocksoccer/ADs2/385963?searchView=Y,이 경기인듯
385847,[움짤]오늘의 움짤 끝 / 리그2도 역시나 재미있네요,음교수2,23.03.01,793,http://m.cafe.daum.net/rocksoccer/ADs2/385847?searchView=Y,"그러나 아쉽게도 주말경기는 리그2는 일단 배제해야 할것 같습니다.
쿠플이 최대 2경기밖에 못보는지라
상황봐서 골장면이라도 올려볼께요.
당장 리그1 경기가 2경기씩 겹치는 상황이 많아서
참 이것부터 빨리 개선되었으면 좋겠네요.
오늘도 감사했습니다."
385612,쿠플 최대 2경기만 볼수있어서 한계가 있네요.,음교수2,23.03.01,257,http://m.cafe.daum.net/rocksoccer/ADs2/385612?searchView=Y,"3경기를 동시에 볼수없으니
하나만 고정으로 켜놓고 왔다갔다 보는데
가끔 놓치는 경우가 생기네요
하 짜증.........."
385361,fa컵도 쿠플이 중계하나요??,채화,23.02.27,"1,094",http://m.cafe.daum.net/rocksoccer/ADs2/385361?searchView=Y,하겠죠?
384454,쿠팡 별로 안좋아해서,흥민쓰,23.02.26,422,http://m.cafe.daum.net/rocksoccer/ADs2/384454?searchView=Y,"웬만해선 쿠팡에서 물건 구매도 안하는데...
K리그 중계를 쿠플에서만 하니 고민 되네요..ㅠㅠ"
384450,쿠플 실시간 채팅 되네요 ㅎㅎ,캐스커,23.02.26,245,http://m.cafe.daum.net/rocksoccer/ADs2/384450?searchView=Y,왜 이길 이제야 봤지? ㅋㅋㅋ
384353,[K리그]더 이상 네이버랑 다음에서 K리그 하이라이트를 못 보는거군요....,KF21 보라매,23.02.25,"2,008",http://m.cafe.daum.net/rocksoccer/ADs2/384353?searchView=Y,"중계만 쿠플 독점이 아니라 그냥 대부분 영상물들을 쿠플이 가져가는거네요.
네이버는 한두개 정도 전체 편집한 영상이 있는데 다음은 아예 없고.... 결국 하이라이트 끊어 보려면 쿠플 가입하라는거네요.
쿠플이 구단별 다큐멘터리도 만들고 뭐 나름 공들이고 있는건 알겠는데
솔직히 지속적 팬 유입에 가장 중요한 접근성이라는걸 포기하게 된거 같아서 썩 기분이 좋지는 않아요.
솔직히 K리그가 EPL처럼 접근성 떨어져도 중계권 많이 버는게 장땡, 뭐 이런걸 추구할 위치는 절대 아니라고 보는데....
먼훗날 이게.... 물 들어올 때 노 부러뜨린, 연맹의 숱한 삽질 중 하나로 역사에 남진 않을런지 걱정이네요."
384349,쿠팡플레이 풀영상 어디서 보나요?,King of asia ULSAN,23.02.25,418,http://m.cafe.daum.net/rocksoccer/ADs2/384349?searchView=Y,쿠플 찾아봐도 안보여서용
384340,쿠플픽 아닌 경기 하이라이트는 길게 안 올리나...?,Royal_Black☆SFC,23.02.25,419,http://m.cafe.daum.net/rocksoccer/ADs2/384340?searchView=Y,단순 경기 시작 시간의 차이로만 끝났으면...
384331,쿠플 스포츠로 하이라이트 봤는데 광주 키퍼가 진짜 잘막았네요 ㄷㄷㄷ,수원삼성조유리,23.02.25,132,http://m.cafe.daum.net/rocksoccer/ADs2/384331?searchView=Y,"미쳤네
이와중에 안병준 저걸 놓치니.."
384142,다시보기도 쿠플밖엔 못보나요?,요미요밍,23.02.25,269,http://m.cafe.daum.net/rocksoccer/ADs2/384142?searchView=Y,하이라이트는 볼수있는곳이 있는지도
383889,광고가 없는건 쿠플픽 경기만인가보군요,이연걸의 탈춤,23.02.25,234,http://m.cafe.daum.net/rocksoccer/ADs2/383889?searchView=Y,뭐 광고라봐야 거의 쿠팡내 축구콘텐츠인거같긴 하지만
383748,쿠플픽인가 그거랑 중계차이 좀 나네요,Yassine Bounou,23.02.25,183,http://m.cafe.daum.net/rocksoccer/ADs2/383748?searchView=Y,경기가 좀 덜 다이나믹한거 치더라도 차이가 좀 있어보이네요.
383665,배성재-준희옹 조합은 쿠플 어플로만 들을수있나요?,프린스,23.02.25,87,http://m.cafe.daum.net/rocksoccer/ADs2/383665?searchView=Y,지금 2경기는 티비 해설진 그대로인거같은데?
383630,쿠플픽은 매라운드 한경기씩 있는건가요??,olleeee,23.02.25,156,http://m.cafe.daum.net/rocksoccer/ADs2/383630?searchView=Y,
383615,네시반 두경기 동시시청하려면 어케해요?,Leno,23.02.25,301,http://m.cafe.daum.net/rocksoccer/ADs2/383615?searchView=Y,"쿠플 태블릿 + PC 동시 로그인 되나요?
네이버다음은 없죠?"
383291,근데 쿠플 화질 잔디가 왜케 깨지나요 ?,Clarence Seedorf,23.02.25,62,http://m.cafe.daum.net/rocksoccer/ADs2/383291?searchView=Y,저희집 티비만 그런가
383214,쿠플 티비로 보시는분들 혹시 안끊기시나요?,프린스,23.02.25,289,http://m.cafe.daum.net/rocksoccer/ADs2/383214?searchView=Y,나만 그런가...
383178,쿠플픽 라운드당 한경기만 하나요?,나난나,23.02.25,296,http://m.cafe.daum.net/rocksoccer/ADs2/383178?searchView=Y,쿠플픽 라운드당 한경기씩만 해주나요?
383165,[K리그]올해 쿠플에서 전경기 다 중계해주는 건가요?,베컴,23.02.25,248,http://m.cafe.daum.net/rocksoccer/ADs2/383165?searchView=Y,있다가 서울 경기도 해쥬는 거죠?
383143,쿠플 중계 바뀌고 나서 카메라 각도도 좀 다른가요?,티타임,23.02.25,300,http://m.cafe.daum.net/rocksoccer/ADs2/383143?searchView=Y,"ㅇㅇ?
어떤가요?"
383134,쿠플중계라서 그런지 관중도 진짜 많고 유럽축구 같네요,olleeee,23.02.25,488,http://m.cafe.daum.net/rocksoccer/ADs2/383134?searchView=Y,중계카메라도 잘찍는것 같음
382901,근데 쿠플 화질 설정하는거 어디서해여?,별 사탕,23.02.25,290,http://m.cafe.daum.net/rocksoccer/ADs2/382901?searchView=Y,내 모니터탓인가 뭔가 이상한데
382878,쿠플 화질 모바일만 좋네요,나난나,23.02.25,185,http://m.cafe.daum.net/rocksoccer/ADs2/382878?searchView=Y,컴터로 보는데 화질 많이 깨지네요 모바일은 괜찮아요
382857,쿠플화질 많이 아쉽긴하네요,차단한 회원이 작성한 게시글입니다.,23.02.25,218,http://m.cafe.daum.net/rocksoccer/ADs2/382857?searchView=Y,"더 좋아야 할거같기도 한데
우글거린다고 해야되나"
382841,작년 지상파 방송은 영상 자체는 그대로 받고 몇장면만 자기들 카메라로 찍는 걸로 했는데,엄지공주 오무지,23.02.25,82,http://m.cafe.daum.net/rocksoccer/ADs2/382841?searchView=Y,쿠플은 달라서 좋네요
382811,확실히 쿠플 중계피디가 전 엠스플 분이라 그런지 각이 잘 잡혀 있네요 찍는 부분들이,엄지공주 오무지,23.02.25,85,http://m.cafe.daum.net/rocksoccer/ADs2/382811?searchView=Y,
382804,쿠플 지금까지는 만족도 200%,잉카,23.02.25,381,http://m.cafe.daum.net/rocksoccer/ADs2/382804?searchView=Y,"기대 안했는데
엄청나네요 ㄷㄷ"
382802,쿠플 퀄 미쳤네요 진짜,아옴그,23.02.25,187,http://m.cafe.daum.net/rocksoccer/ADs2/382802?searchView=Y,확실히 볼맛나게 꾸민듯
382820,워 쿠플 화질 ㄷㄷ,치킨에는맥주,23.02.25,218,http://m.cafe.daum.net/rocksoccer/ADs2/382820?searchView=Y,눈정화
382772,[K리그]경인더비 직관 출발하기전..쿠플 프리뷰쇼 보고 있는데...,K리그가 미래다,23.02.25,228,http://m.cafe.daum.net/rocksoccer/ADs2/382772?searchView=Y,"쿠플 준비 많이 했네요.
프리뷰쇼 내용도 알차고
경기장안에 스튜디오 세팅까지해서 고급스럽게 잘하네요.
실시간 경기장 안에 상황도 보여주고.
배성재-한준희 조합이라서 몰입감도 더 있고.
무엇보다 내용들이 넘 좋네요~~~
확실히 투자를 많이 한것 같아요.
이런 퀄리티면 경기보기전에 팬들 몰입감 쫙 올려주기에 최고네요~
이제 중계 카메라 17대를 사용한 중계 기술이 기대되네요."
382770,xT분석도 나옴 ㄷㄷ,엑셀시오르,23.02.25,128,http://m.cafe.daum.net/rocksoccer/ADs2/382770?searchView=Y,쿠플 장난아니구만 ㄷㄷㄷ
382765,처음에 쿠플이 K리그 중계 독점한다 할 때 좋게 안봤었는데,ManUTD,23.02.25,577,http://m.cafe.daum.net/rocksoccer/ADs2/382765?searchView=Y,"저 정도 퀄이면
솔직히 팬들에게 독점해도 오히려 호평이 가득할듯
물론 뉴비 유입 부분은 아쉬울 순 있겠지만
개인적으로 저 정도면 꽤 준비 많이 했다고 생각함"
382747,쿠플의 시도로 중계사들 경쟁 붙었으면,나난나야!,23.02.25,98,http://m.cafe.daum.net/rocksoccer/ADs2/382747?searchView=Y,"야구도 kbsn에서 알럽베이스볼로 물꼬 튼 이후로 경쟁붙어서 리그자체도 급격히 성장했었는데
k리그도 좋은 순환이 이뤄졌으면 좋겠음"
382743,와 xG 분석도 하네,로또,23.02.25,75,http://m.cafe.daum.net/rocksoccer/ADs2/382743?searchView=Y,쿠플 프리뷰는 하루 한경기만 해주는건가요?
382739,티비랑 쿠플이랑 다른가요??,호롤로로,23.02.25,360,http://m.cafe.daum.net/rocksoccer/ADs2/382739?searchView=Y,ㅈㄱㄴ
382733,스카이스포츠는 아직 뭐 없죠?,짤순태,23.02.25,158,http://m.cafe.daum.net/rocksoccer/ADs2/382733?searchView=Y,처갓집와서 쿠플보기가 좀 애매....
382732,아맞다 snl이 쿠플이지ㅋㅋㅋㅋㅋㅋ,아이린,23.02.25,277,http://m.cafe.daum.net/rocksoccer/ADs2/382732?searchView=Y,수위 걱정할거 없겠네요ㅋㅋㅋㅋㅋ
382700,배성재 한준희 듀오를 보다니!!,엑셀시오르,23.02.25,37,http://m.cafe.daum.net/rocksoccer/ADs2/382700?searchView=Y,프리뷰쇼만으로도 벌써 두근두근 합니다!  시즌 개막이 실감나네요.  배성재 한준희가 중계 할 개막전이 너무 기대됩니다!! 쿠플 감사해요 ㅠㅠ
382678,역시 화질 차이 느껴지네요,윤정환과 정경호의 한국어교실,23.02.25,410,http://m.cafe.daum.net/rocksoccer/ADs2/382678?searchView=Y,"쿠플 공약대로 화질이 아주 훌륭합니다.
본 게임도 기대가 됩니다"
382671,쿠플 화질,강원오렌지.,23.02.25,739,http://m.cafe.daum.net/rocksoccer/ADs2/382671?searchView=Y,
382661,쿠플 티비로 보시는분?,황예지,23.02.25,158,http://m.cafe.daum.net/rocksoccer/ADs2/382661?searchView=Y,"핸드폰은 안끊기는데
티비는 한번씩 버퍼 생기네요 저만 그런지"
382655,쿠플의 공약,엄지공주 오무지,23.02.25,"2,261",http://m.cafe.daum.net/rocksoccer/ADs2/382655?searchView=Y,
382596,진짜 케이리그 팬 시작하면 해축 아무것도 아니라니까,아이린,23.02.25,644,http://m.cafe.daum.net/rocksoccer/ADs2/382596?searchView=Y,"축구로 이렇게 아침부터 설레긴 오랜만이네
원래같으면 직관가야되는데 사정상 집관합니다ㅜ
얼른 쿠플 결제해야지..
케이리그 시작 ㅅㅅㅅㅅ
다들 올시즌도 재밌게 놉시다!!"
382587,지금 대전 다큐 보고있는데...,엑셀시오르,23.02.25,365,http://m.cafe.daum.net/rocksoccer/ADs2/382587?searchView=Y,완전 꿀잼이네요!! 대전팬은 아니지만 대전팬 감정이입되서 보고 있습니다. 쿠플에서 이런 다큐를 많이 만들어주면 좋겠네요. 없던 애정도 생길듯 ㅎㅎㅎㅎ
382570,드래곤 스워드 쿠팡플레이행,엄지공주 오무지,23.02.24,"1,359",http://m.cafe.daum.net/rocksoccer/ADs2/382570?searchView=Y,"2라운드 쿠플중계픽
캐스터 정용검
해설 한준희"
382534,쿠플 이거 공개됐네요,채화,23.02.24,"1,278",http://m.cafe.daum.net/rocksoccer/ADs2/382534?searchView=Y,이제 볼수잇어요 다들 보러가져
382146,쿠팡플레이에서 k리그 모바일 중계 독점한다해서 안볼예정,Factos,23.02.21,"1,037",http://m.cafe.daum.net/rocksoccer/ADs2/382146?searchView=Y,"이라고 생각하고 있었는데 오늘 쿠플 들어가보니까 회원이었네요 ;; 매달 돈 나가고 있었음ㅋㅋ 국대 때 결제 해놓고 해지안한듯...ㅎㅎ
매주 챙겨바야겠네요 k리그 화이팅 ㅋㅋㅋㅋ 두근두근"
382027,올해 리그 팔로우하려면 쿠플밖엔 방법 없는 건가요?,이연걸의 탈춤,23.02.19,440,http://m.cafe.daum.net/rocksoccer/ADs2/382027?searchView=Y,"tv중계는 비율상 얼마나 해주는 건가요?
찾아봐도 정보가 안보여서 물어봅니다!"
381917,[K리그]쿠팡 중계팀이 중계카메라를 17대로 중계한다고하는데.,K리그가 미래다,23.02.17,"1,217",http://m.cafe.daum.net/rocksoccer/ADs2/381917?searchView=Y,"숫자상으로 엄청 많아 보여서 쿠플픽 중계 경기 기대가 되는데요..
그럼 혹시 기존에 중계는 카메라 몇대정도로 중계한지 아시는분 계신가요???
K리그의 오랫동안 가장 큰 고질적인 문제가 경기 중계기술 하고 잔디문제인데..
K리그는 직관이 진리라고 생각하네요
기존 카메라수보다 훨씬 많아진게 17대라면
이번 쿠플픽 경기들이 너무 기대되서요.
기존에 중계시 카메라수를 알수 있는 방법이 있을까요??"
381897,쿠플픽은 어느정도 배정될까여,시드니,23.02.17,435,http://m.cafe.daum.net/rocksoccer/ADs2/381897?searchView=Y,매라운드는 안 할거 같은데 격으로 정도는 해주려나요 ㅋㅋ
381876,"올시즌 첫번째 '쿠플픽' 울산 VS 전북 ,배성재 이상윤 조합",김용대와 김형일의 한국어교실,23.02.17,"1,222",http://m.cafe.daum.net/rocksoccer/ADs2/381876?searchView=Y,"■쿠팡플레이
●K리그1·2 전 경기 생중계 중계
■K리그 주요 경기 ‘쿠플픽’ 선정
●TV 중계와 별개로 쿠팡플레이가 직접 제작
(예) 울산VS전북, 서울VS수원, 인천VS서울,
포항VS울산, 대전VS강원 등
●17대의 카메라 투입
다채로운 앵글의 생동감 넘치는 중계 화면
●프리뷰 제작
올 시즌 첫 번째 ‘쿠플픽’
2월 25일(토) 14시 울산 vs 전북
배성재, 이상윤 콤비 투입
■송출 화질 대폭 개선
K리그 현장  ==> 쿠팡플레이
송출 단계 기존 4단계에서 3단계로 줄임
(화질 열화 줄임)
■K리그 오리지널 시리즈 ‘THE K’ , 구단 다큐멘터리 공개
●한국프로축구연맹과 스카이스포츠가 공동 제작
K리그 오리지널 시리즈 ‘THE K’ 공개
●구단 다큐멘터리 순차적으로 공개
인천유나이티드 ‘비상 2022’
대전하나시티즌 ‘WE GO UP’
FC안양 “힘이 들 땐 고개를 들어 팬들을 봐라”
성남FC “OUR CITY OUR CLUB”
■보다 수준 높고 재미있는 K리그 중계
해설위원 보강
https://v.daum.net/v/QiJLWn5J0d"
381875,"쿠팡플레이, K리그1·2 전 경기 생중계...'화면 품질+프리뷰 강화'",Azpi,23.02.17,801,http://m.cafe.daum.net/rocksoccer/ADs2/381875?searchView=Y,"우선, 이번 시즌 주요 경기가 ‘쿠플픽’으로 편성된다. ‘쿠플픽'은 TV 중계와 별개로 쿠팡플레이가 직접 제작하고 송출하는 경기다. 최대 17대의 카메라로 다채로운 앵글의 생동감 넘치는 중계 화면과 프리뷰가 제공되어 만족스러운 시청 경험을 기대할 수 있다. 올 시즌 첫 번째 ‘쿠플픽’은 2월 25일(토) 14시에 펼쳐질 울산 vs 전북의 K리그1 개막전이다.
또한, 송출 화질도 지난 시즌 대비 대폭 개선될 예정이다. K리그 현장에서 쿠팡플레이까지의 송출 단계를 기존 4단계에서 3단계로 줄여 화질 열화를 줄인 것이 그 비결.
뿐만 아니라, 쿠팡플레이는 한국프로축구연맹과 스카이스포츠가 공동으로 제작한 2022시즌 K리그 오리지널 시리즈 'THE K'를 비롯하여 구단의 다큐멘터리를 순차적으로 공개한다.
https://v.daum.net/v/QiJLWn5J0d
쿠팡플레이, K리그1·2 전 경기 생중계...'화면 품질+프리뷰 강화'
[포포투=백현기] 쿠팡플레이가 오는 2월 25일(토) 개막하는 2023 K리그1과 3월 1일(수) 개막하는 K리그2 전 경기를 디지털 독점 생중계한다고 밝혔다. 올해 40주년을 맞이하는 K리그가 OTT 에서 디지털
v.daum.net"
381869,"[기사]'화질 개선+쿠플픽 자체 중계' 쿠팡플레이, 2023 K리그1, 2 전 경기 디지털 독점 생중계",바이언2,23.02.17,500,http://m.cafe.daum.net/rocksoccer/ADs2/381869?searchView=Y,"http://www.footballist.co.kr/news/articleView.html?idxno=162526
쿠팡플레이는 17일 ""오는 2월 25일(토) 개막하는 2023 K리그1과 3월 1일(수) 개막하는 K리그2 전 경기를 디지
털 독점 생중계한다""고 밝혔다.
올해 40주년을 맞이하는 K리그가 OTT 에서 디지털 독점 생중계되는 것은 리그 출범 이후 처음이다. 이에 따라
쿠팡플레이는 K리그 경기들을 더 생생하고 개선된 시청 경험으로 제공할 수 있도록 만반의 준비를 마쳤다.
우선, 이번 시즌 주요 경기가 ‘쿠플픽’으로 편성된다. ‘쿠플픽’ 은 TV 중계와 별개로 쿠팡플레이가 직접 제작하고
송출하는 경기다. 최대 17대의 카메라로 다채로운 앵글의 생동감 넘치는 중계 화면과 프리뷰가 제공되어 만족
스러운 시청 경험을 기대할 수 있다. 올 시즌 첫 번째 ‘쿠플픽’은 2월 25일(토) 14시에 펼쳐질 울산 vs 전북의 K리
그1 개막전이다."
373938,"아씨,,쿠플로 보는데 계속 스포당함 ㅠㅠ",고로스,22.10.29,165,http://m.cafe.daum.net/rocksoccer/ADs2/373938?searchView=Y,쿠플이 많이 늦네요. ㄷ ㄷ
369386,케이리그 전망이 밝을가요,엘링 홀란드,22.10.19,"1,553",http://m.cafe.daum.net/rocksoccer/ADs2/369386?searchView=Y,"기업을 모태로 한 구단은 투자도 들쑥날쑥 하고
수익은 적어 아직도 구단 운영을
비즈니스보다는 공익적 차원으로 접근하는듯하고
시민구단은 지금처럼
시도지사가 의사결정하는 방식이면
성남fc 케이스가 넘나 안좋은 선례가 된거같은데
(시장의 적극적 투자유치를 정치적 사안으로 악용)
쿠플이 유료중계 하는 것도 좋은건지..
이제 막 티비에서 볼만하기 시작햇는데
(아챔을 아랍방송으로 보던 시절 생각하면)
특정 구간 팬은 아니지만 케이리그 재밋어서
오래오래 보고싶은디 말이쥬"
355389,대구 성남 경기 티비중계 없나보네요,그무언가,22.09.07,78,http://m.cafe.daum.net/rocksoccer/ADs2/355389?searchView=Y,쿠플로 봐야겄어요
338584,쿠플이 내년 케이리그에서 오늘 하는것처럼 해주면 좋겠다,임중용,22.07.16,281,http://m.cafe.daum.net/rocksoccer/ADs2/338584?searchView=Y,그럼 평생 와우회원한다ㅠㅠㅠ
338095,쿠플로 울산전 보는데,소울레븐,22.07.16,157,http://m.cafe.daum.net/rocksoccer/ADs2/338095?searchView=Y,"지난번 토트넘전 볼때와는 다르게 화질이 정말 안좋군요
버퍼링도 종종 생기고
서버 자원을 죄다 세비아전에 갖다 받친거같습니다 ㅠㅠ"
337241,오늘 가장 크게 남은 건 쿠플 기대 이상 그 이상이었다,UAENA,22.07.13,656,http://m.cafe.daum.net/rocksoccer/ADs2/337241?searchView=Y,쿠플 앞으로 잘 부탁합니다
336735,쿠플 흐뭇,금새록,22.07.13,43,http://m.cafe.daum.net/rocksoccer/ADs2/336735?searchView=Y,"골이 몇골이야..
게다가 쏘니골까지.. 흐뭇"
336358,쿠플 알찬거 보소..,펜더맨,22.07.13,148,http://m.cafe.daum.net/rocksoccer/ADs2/336358?searchView=Y,좋다!
336349,쿠플 잘버티네?,불편충,22.07.13,247,http://m.cafe.daum.net/rocksoccer/ADs2/336349?searchView=Y,아직 안터졌죠?ㅋㅋ
335809,쿠플 티비로 들어가서 뭐라 검색해야 경기 뜨나요?,신지,22.07.13,93,http://m.cafe.daum.net/rocksoccer/ADs2/335809?searchView=Y,티비로 앱 깔아서 로그인하고 들어갔는데 경기하는걸 못찾겠는데.. 미러링은 너무 화질이 떨어져서
335701,쿠플 티비로 들어가서 경기 못보나요?,신지,22.07.13,163,http://m.cafe.daum.net/rocksoccer/ADs2/335701?searchView=Y,티비 앱으로 쿠플 들어가니 없던데
335553,현직 쿠팡 오피스 직원인데 일 똑바로 안하면 큰일납니다 ㅋㅋㅋㅋㅋ,vitamin-soccer,22.07.13,344,http://m.cafe.daum.net/rocksoccer/ADs2/335553?searchView=Y,"돈이 100억이 넘게 든 건데
성과 못 내면 bom님한테 개 뚜드려 맞습니다
퀄리티가 좋을 수 밖에요…ㅋㅋㅋㅋ
쿠플팀 화이팅!"
335517,쿠플 다운 받았는데,온건파축구팬,22.07.13,342,http://m.cafe.daum.net/rocksoccer/ADs2/335517?searchView=Y,"회원가입이 없고 로그인만 있어서 대략 낭패
동생은 인증번호가 안 와서 진행 실패
이메일 인증하라는데 문자인증밖에 없어 낭패 중"
335496,현재까지 k리그 팬들 만족?,강인이,22.07.13,76,http://m.cafe.daum.net/rocksoccer/ADs2/335496?searchView=Y,"시즌 중 무리한 경기일정부터
k리그 유료화 등 쿠팡과 관련해서
말이 많았는데
아직 경기도 안 했고
뭐 이제 시작이지만 ㅋㅋ
기대감이나 만족감이 어느정도인가요?
저는 k리그 라이트 팬으로서 쿠플에서
다음 시즌 어떨지 궁금하긴하네요"
335490,쿠플 뭔가 준비한 티가나네요. 퀄이 좋아요,조보아텡,22.07.13,70,http://m.cafe.daum.net/rocksoccer/ADs2/335490?searchView=Y,괜찮네요 ㅇㅇ
335489,생각해보니 쿠플로 토트넘 경기 그동안 봤었는데 스포티비 중계화면 그대로써서 화질 거지였던거군,Mai.K,22.07.13,368,http://m.cafe.daum.net/rocksoccer/ADs2/335489?searchView=Y,단독으로 준비하니 화질이 바뀌네
335675,오늘 쿠플 가입했는데 큰일났네,네덜란드미남,22.07.13,439,http://m.cafe.daum.net/rocksoccer/ADs2/335675?searchView=Y,볼거 은근 많은거 같아서 이거 해지 못할거 같은데ㅋㅋㅋㅋㅋㅋㅋ
335470,아 왜 우리가 먹히는걸로 끝나는데..,인천제로콜라,22.07.13,267,http://m.cafe.daum.net/rocksoccer/ADs2/335470?searchView=Y,쿠플.. 너..ㅜ
335468,와… 제대로 준비 쿠플 ㄷㄷ,Interstellar,22.07.13,89,http://m.cafe.daum.net/rocksoccer/ADs2/335468?searchView=Y,
335448,아직까진 쿠플 좋네요.. 국대 다큐도 기대되는데,인천제로콜라,22.07.13,54,http://m.cafe.daum.net/rocksoccer/ADs2/335448?searchView=Y,..제발 터지지만 마라
335446,쿠플에 엠스플 리그중계?했던 pd영입했다고 하더니 영상잘만들고 준비많이했네요,lgxj20,22.07.13,179,http://m.cafe.daum.net/rocksoccer/ADs2/335446?searchView=Y,리그중계할때도 이정도해주면 좋을듯요
335439,프리뷰보니 쿠플이 K리그 파생컨텐츠 잘 만들거 같네요,Interstellar,22.07.13,301,http://m.cafe.daum.net/rocksoccer/ADs2/335439?searchView=Y,오늘 보니 퀄리티가 장난아니네요
335433,내년에 쿠플이 중계 시작하면 해설자 좀 보강했으면..,Interstellar,22.07.13,289,http://m.cafe.daum.net/rocksoccer/ADs2/335433?searchView=Y,"장지현만 들어와도 확~ 느낌이 달라지네요
카메라보다 돈 덜드는 해설진에 돈 좀 더 써봐요..
저비용 고효율임"
326906,[☆인천]인천 티비중계 없네유,그무언가,22.06.22,111,http://m.cafe.daum.net/rocksoccer/ADs2/326906?searchView=Y,쿠플로 티비 연결해서 봐야징
307206,당장 구글에 케이리그 뉴미디어로 검색하면,Yassine Bounou,22.04.13,"1,026",http://m.cafe.daum.net/rocksoccer/ADs2/307206?searchView=Y,"몇달 전 만해도 뉴미디어 노출로 3천억에서 5천억정도 효과가 있었다고 언플해놓고
많아야 몇십억정도로 추정되는 돈에 독점권, 네이버 다음카카오 등에 비하면 노출도 잘 안되는 쿠플에 넘기는게 말이나 되는지 모르겠네요.
몇달 새 갑자기 왜 그런건지"
307201,쿠팡내부에서 바라보는 K리그 중계권,전주성백승호,22.04.13,"2,775",http://m.cafe.daum.net/rocksoccer/ADs2/307201?searchView=Y,"정작 언급1도없음
사내 인트라넷에 뉴스룸이라고
자잘한 공지까지  데일리로 갱신되는데
리그내에서는 회자되지만
회사내부에서는 그낭ott 컨텐츠중
하나로 그이상도 이하도 아님
냉정히 말하면 내부분위기나 받아들이는 인식이
쿠팡SNL>>>>> k리그중계권임
솔까 쿠플 SNL도 크게 이슈될정도로
팬층이 두터운것도 아닌 컨텐츠인데
그보다도 못한..
하다못해 쿠팡플레이 snl 자잘한
이슈까지도 사내 뉴스룸 공지란올라오는데
k리그  중계권관련 내용은 아예없음
언급조차 안될정도로 사안이나 화제성에서
많이 부족하고 관심도 없다는 부분일수도있고
그전에도 썼지만 회사가 내부적으로
긍정적 분위기가 아니라 가성비성과주의
프로젝트 경쟁적으로 하고있고
허브 로지스틱스 인프라투자등 금전적으로
긍정적인 상황이 아니라 이런 컨텐츠에
비용을 오버해서 투자하고 그런상황은 아님
우리야 리그내 팬이니 당연히 설왕설래하지만
이를 계기로 쿠팡에서 리그 중계권 사고
장기적으로 확장성을 기대한다?
5년넘게 회사에몸담고있지만
솔직히 회의적입니다,
현상유지는 가능하던지 더 안좋아질수도있다
생각함 리그팬으로서의 개인적인 의견일수도 있음."
307147,쿠플 중계에 대한 주저리,강원꽃은 필라,22.04.12,837,http://m.cafe.daum.net/rocksoccer/ADs2/307147?searchView=Y,"이건 그냥 제 개인적인 생각 인데요.
많은분들이 유료 시청이다라고 하시던데
지금 까지 제가 확인한건
tv중계는 동일
모바일 중계는 쿠플
그럼 tv중계는 이전과 동일한 조건이죠.
모바일 중계가 쿠플이다보니 지금처럼
다음이나 네이버 에서 못보니 그냥 떠난다라는
전제조건이 달리는것 같아요.
저도 쿠플회원이라 모바일로 국대경기를 볼수 있지만
그냥 집에서 tv로 시청하거든요.그럼 쿠플의 유료는 의미가
없는거죠.
머 아무래도 휴대성이 좋은 모바일로 못보게 되면
불편한건 사실입니다.하지만 내가 시청하고 싶은 경기는
티비로 볼수 있으니 그렇게 최악만은 아닌거 같아요.
오늘 국톡 분위기는 절대악으로 쿠팡을 묘사 되는거 같아요.
모든 사람의 글은 아니지만 보여지는 그동안의 글은
리그 케파를 키워야 한다라는 베이스는 항상 깔려 있는데
실상 유료채널 중계는 반대하는  분위기가 많아보이네요.
쿠플도 생각이 있다면 서버키우고 중계스킬을 늘려
투자금 보다 많은 이익을 가져가기 위해 노력하지 않을까 싶어요
머 그냥 혼자 주저리 해봅니다"
307136,그래도 쿠플가입은 할 것 같네요 ㅠㅠ,엑셀시오르,22.04.12,110,http://m.cafe.daum.net/rocksoccer/ADs2/307136?searchView=Y,"주로 집에서 티비로 본방 챙겨보기는 하지만 가끔 밖에 나가있을때는 네이버로 보는 입장으로써 아쉽긴하지만 유료가입은 하긴 할 것 같네요.
근데 이 시기에 굳이 유료로 돌려야 했나 하는 아쉬움은 남네요."
307095,쿠팡 4990원,스마일리,22.04.12,"1,780",http://m.cafe.daum.net/rocksoccer/ADs2/307095?searchView=Y,"로켓배송 쓰면서 쿠팡플레이까지 개꿀아닙니까??
2900원에 가입했었믄데 4990원으로 언제 올랐지??
암튼 쿠플 별로 볼건 없지만 스포츠쪽 미는거 보면 괜찮은듯"
307093,왓챠나 웨이브였으면 그래도 긍정적으로 봤을텐데,나상호,22.04.12,171,http://m.cafe.daum.net/rocksoccer/ADs2/307093?searchView=Y,쿠플이라니 솔직히 기대보다 걱정이 크긴하네요.. 슬슬 구독료도 올릴텐데 컨텐츠 면에서 확장성이 떨어질것 같은게 문제
307080,사실상 온라인 중계 유료화죠?,그리핀도르,22.04.12,843,http://m.cafe.daum.net/rocksoccer/ADs2/307080?searchView=Y,"쿠플이  k리그만 따로 무료중계 해줄거 같지않고
5900원인가? 이거내야 볼수 있는거죠?"
292693,? 국축보는데 K리그 어플 안 씁니까?,UAENA,22.03.10,"1,090",http://m.cafe.daum.net/rocksoccer/ADs2/292693?searchView=Y,"인스타 - 구단 인스타
다운로더 - 인스타 사진 원본으로 다운
쿠플 - 국대 경기
스포티비나우 - 가아끔 잘 안 씀
네이버tv/아프리카tv - 국축중계
풋몹 - 실시간 스코어, 일정, 순위
다음카페 - 집
joinKFA - 국축의 거의 모든 리그, 대회
라인업11 - 가끔 라인업
K리그 - K리그 일정, 매치센터, 데이터포털"
278531,썰호정에서 서기자님 쿠플 관련 재밌는 화두를 던지셨네요.,우주,22.01.13,"2,389",http://m.cafe.daum.net/rocksoccer/ADs2/278531?searchView=Y,"오늘 쿠팡플레이에서 손흥민의 토트넘 초청해서 K리그와의 경기에 대한 얘기가 나왔었죠.
서호정기자는 K리그를 이용만 하는 초청경기에는 반대이지만,
K리그 중계에 쿠팡플레이가 들어와서
뉴미디어 쿠플 독점중계하고 중계권료로 K리그 우승상금도 올리는 등의 선순환이 된다면 이건 찬성이다 하시네요.
어떻게들 생각하시는지..?"
